date,Ticker,Open,High,Low,Close,Volume
2020-09-30,PLTR,10.0,11.40999984741211,9.109999656677246,9.5,338584400.0
2020-10-01,PLTR,9.6899995803833,10.100000381469727,9.229999542236328,9.460000038146973,124297600.0
2020-10-02,PLTR,9.0600004196167,9.279999732971191,8.9399995803833,9.199999809265137,55018300.0
2020-10-05,PLTR,9.430000305175781,9.489999771118164,8.920000076293945,9.029999732971191,36316900.0
2020-10-06,PLTR,9.039999961853027,10.180000305175781,8.899999618530273,9.899999618530273,90864000.0
2020-10-07,PLTR,10.039999961853027,10.489999771118164,9.989999771118164,10.0,54672400.0
2020-10-08,PLTR,10.289999961853027,10.399999618530273,9.989999771118164,10.0,34989200.0
2020-10-09,PLTR,10.130000114440918,10.1899995803833,9.890000343322754,9.949999809265137,19653500.0
2020-10-12,PLTR,10.039999961853027,10.050000190734863,9.65999984741211,9.890000343322754,20623600.0
2020-10-13,PLTR,9.880000114440918,9.880000114440918,9.40999984741211,9.470000267028809,21847200.0
2020-10-14,PLTR,9.600000381469727,9.65999984741211,9.289999961853027,9.34000015258789,13652600.0
2020-10-15,PLTR,9.270000457763672,9.90999984741211,9.180000305175781,9.90999984741211,12924100.0
2020-10-16,PLTR,9.9399995803833,9.949999809265137,9.65999984741211,9.710000038146973,11142500.0
2020-10-19,PLTR,9.789999961853027,9.819999694824219,9.529999732971191,9.569999694824219,9126400.0
2020-10-20,PLTR,9.600000381469727,9.65999984741211,9.270000457763672,9.270000457763672,11138200.0
2020-10-21,PLTR,9.300000190734863,9.479999542236328,9.199999809265137,9.199999809265137,9190000.0
2020-10-22,PLTR,9.369999885559082,9.75,9.220000267028809,9.680000305175781,17928600.0
2020-10-23,PLTR,9.710000038146973,9.829999923706055,9.470000267028809,9.489999771118164,12618000.0
2020-10-26,PLTR,9.720000267028809,9.970000267028809,9.600000381469727,9.949999809265137,23767300.0
2020-10-27,PLTR,10.0,11.039999961853027,9.920000076293945,10.949999809265137,53695900.0
2020-10-28,PLTR,10.65999984741211,10.984999656677246,10.100000381469727,10.850000381469727,30941700.0
2020-10-29,PLTR,10.899999618530273,11.100000381469727,10.5600004196167,10.75,20515700.0
2020-10-30,PLTR,10.609999656677246,10.680000305175781,9.850000381469727,10.130000114440918,19705500.0
2020-11-02,PLTR,10.229999542236328,10.569999694824219,10.229999542236328,10.539999961853027,11677800.0
2020-11-03,PLTR,10.569999694824219,10.9399995803833,10.4399995803833,10.5,21652800.0
2020-11-04,PLTR,10.819999694824219,10.920000076293945,10.550000190734863,10.720000267028809,15783400.0
2020-11-05,PLTR,10.899999618530273,12.130000114440918,10.850000381469727,11.880000114440918,48560400.0
2020-11-06,PLTR,12.220000267028809,14.960000038146973,12.050000190734863,13.829999923706055,89977600.0
2020-11-09,PLTR,14.960000038146973,15.899999618530273,14.109999656677246,14.670000076293945,60099000.0
2020-11-10,PLTR,14.989999771118164,15.010000228881836,13.180000305175781,14.0,38078700.0
2020-11-11,PLTR,14.569999694824219,15.970000267028809,14.399999618530273,15.960000038146973,47027900.0
2020-11-12,PLTR,16.65999984741211,17.059999465942383,14.40999984741211,14.579999923706055,97904000.0
2020-11-13,PLTR,14.489999771118164,16.0,14.489999771118164,15.800000190734863,76354800.0
2020-11-16,PLTR,15.960000038146973,16.100000381469727,15.010000228881836,15.930000305175781,65326000.0
2020-11-17,PLTR,16.290000915527344,18.75,16.18000030517578,17.850000381469727,116618500.0
2020-11-18,PLTR,18.280000686645508,19.25,17.540000915527344,17.899999618530273,89957900.0
2020-11-19,PLTR,18.5,18.979999542236328,17.959999084472656,18.979999542236328,56225400.0
2020-11-20,PLTR,19.030000686645508,19.65999984741211,18.0,18.149999618530273,72104000.0
2020-11-23,PLTR,18.6299991607666,21.450000762939453,18.56999969482422,21.040000915527344,84716300.0
2020-11-24,PLTR,22.350000381469727,24.270000457763672,20.6299991607666,23.81999969482422,115468800.0
2020-11-25,PLTR,23.959999084472656,29.75,23.690000534057617,29.049999237060547,202563700.0
2020-11-27,PLTR,31.190000534057617,33.5,26.1200008392334,27.65999984741211,207834000.0
2020-11-30,PLTR,28.239999771118164,30.149999618530273,24.110000610351562,27.110000610351562,137243000.0
2020-12-01,PLTR,28.09000015258789,28.139999389648438,24.450000762939453,25.670000076293945,84050000.0
2020-12-02,PLTR,22.239999771118164,23.399999618530273,21.149999618530273,22.510000228881836,149062100.0
2020-12-03,PLTR,23.549999237060547,25.6200008392334,23.5,24.030000686645508,85634300.0
2020-12-04,PLTR,24.8799991607666,25.239999771118164,23.510000228881836,23.850000381469727,56044100.0
2020-12-07,PLTR,24.440000534057617,29.0,24.440000534057617,28.940000534057617,118463700.0
2020-12-08,PLTR,30.6299991607666,31.239999771118164,27.25,28.59000015258789,124754300.0
2020-12-09,PLTR,28.68000030517578,28.850000381469727,25.329999923706055,26.6299991607666,79634700.0
2020-12-10,PLTR,25.541000366210938,28.040000915527344,25.149999618530273,27.040000915527344,57774800.0
2020-12-11,PLTR,27.149999618530273,28.270000457763672,26.059999465942383,27.200000762939453,52764400.0
2020-12-14,PLTR,28.260000228881836,28.260000228881836,26.729999542236328,27.239999771118164,44734500.0
2020-12-15,PLTR,26.81999969482422,27.100000381469727,25.520000457763672,26.43000030517578,49273200.0
2020-12-16,PLTR,25.709999084472656,26.15999984741211,25.110000610351562,25.920000076293945,44013400.0
2020-12-17,PLTR,26.520000457763672,27.450000762939453,26.049999237060547,27.229999542236328,53829800.0
2020-12-18,PLTR,26.270000457763672,26.850000381469727,25.799999237060547,25.969999313354492,71042900.0
2020-12-21,PLTR,26.190000534057617,28.700000762939453,25.399999618530273,28.510000228881836,76729100.0
2020-12-22,PLTR,29.030000686645508,29.420000076293945,26.81999969482422,28.040000915527344,66033100.0
2020-12-23,PLTR,28.950000762939453,29.389999389648438,28.049999237060547,28.690000534057617,58772200.0
2020-12-24,PLTR,28.79800033569336,29.15999984741211,27.520000457763672,27.75,26306800.0
2020-12-28,PLTR,28.389999389648438,28.59000015258789,25.399999618530273,25.6299991607666,55878700.0
2020-12-29,PLTR,25.75,26.18199920654297,24.34000015258789,24.65999984741211,47302400.0
2020-12-30,PLTR,24.969999313354492,25.90999984741211,24.6299991607666,25.100000381469727,34586700.0
2020-12-31,PLTR,24.6299991607666,24.719999313354492,23.520000457763672,23.549999237060547,39922500.0
2021-01-04,PLTR,23.90999984741211,24.5,22.5,23.3700008392334,44970400.0
2021-01-05,PLTR,23.18000030517578,24.670000076293945,22.889999389648438,24.600000381469727,29050400.0
2021-01-06,PLTR,24.1200008392334,24.459999084472656,23.25,23.540000915527344,32732900.0
2021-01-07,PLTR,24.020000457763672,25.190000534057617,23.670000076293945,25.0,32240000.0
2021-01-08,PLTR,25.700000762939453,26.440000534057617,24.700000762939453,25.200000762939453,41313800.0
2021-01-11,PLTR,24.610000610351562,26.600000381469727,24.309999465942383,25.93000030517578,32609000.0
2021-01-12,PLTR,26.34000015258789,26.420000076293945,25.510000228881836,26.18000030517578,26887200.0
2021-01-13,PLTR,25.709999084472656,27.43000030517578,25.1299991607666,25.5,51216600.0
2021-01-14,PLTR,25.450000762939453,25.6200008392334,24.3700008392334,24.920000076293945,32908000.0
2021-01-15,PLTR,26.260000228881836,28.0,25.459999084472656,25.639999389648438,92285500.0
2021-01-19,PLTR,26.809999465942383,27.540000915527344,26.0,26.6200008392334,48675800.0
2021-01-20,PLTR,27.290000915527344,27.299999237060547,25.700000762939453,26.34000015258789,37459000.0
2021-01-21,PLTR,26.420000076293945,26.68000030517578,25.299999237060547,25.979999542236328,29891400.0
2021-01-22,PLTR,25.850000381469727,32.650001525878906,25.81999969482422,32.58000183105469,156844700.0
2021-01-25,PLTR,34.459999084472656,39.58000183105469,29.559999465942383,36.22999954223633,191345300.0
2021-01-26,PLTR,35.13999938964844,36.869998931884766,34.31999969482422,35.369998931884766,65870000.0
2021-01-27,PLTR,32.970001220703125,45.0,32.25,39.0,170758800.0
2021-01-28,PLTR,39.540000915527344,42.0,33.099998474121094,35.65999984741211,85250700.0
2021-01-29,PLTR,36.61000061035156,38.0099983215332,34.65999984741211,35.18000030517578,42030900.0
2021-02-01,PLTR,35.33000183105469,35.619998931884766,32.58000183105469,33.959999084472656,43460900.0
2021-02-02,PLTR,34.099998474121094,34.20000076293945,30.5,31.020000457763672,69647900.0
2021-02-03,PLTR,32.38999938964844,32.95000076293945,31.3799991607666,31.760000228881836,35312000.0
2021-02-04,PLTR,32.58000183105469,33.18000030517578,31.049999237060547,32.04999923706055,31565000.0
2021-02-05,PLTR,32.61000061035156,35.20000076293945,31.75,34.04999923706055,62375300.0
2021-02-08,PLTR,37.220001220703125,39.220001220703125,35.88999938964844,36.04999923706055,72376000.0
2021-02-09,PLTR,36.900001525878906,38.255001068115234,36.130001068115234,38.16999816894531,44243200.0
2021-02-10,PLTR,38.150001525878906,38.2400016784668,35.0,35.70000076293945,45177200.0
2021-02-11,PLTR,35.790000915527344,35.97999954223633,32.61000061035156,33.11000061035156,52094900.0
2021-02-12,PLTR,33.36000061035156,33.650001525878906,31.34000015258789,31.90999984741211,60925600.0
2021-02-16,PLTR,30.020000457763672,30.440000534057617,27.299999237060547,27.84000015258789,180294300.0
2021-02-17,PLTR,27.989999771118164,29.729999542236328,27.0,27.079999923706055,151007000.0
2021-02-18,PLTR,24.989999771118164,26.309999465942383,24.5,25.170000076293945,313175100.0
2021-02-19,PLTR,27.020000457763672,29.959999084472656,26.899999618530273,29.0,320063700.0
2021-02-22,PLTR,29.959999084472656,30.190000534057617,27.535999298095703,28.0,183049500.0
2021-02-23,PLTR,25.959999084472656,27.459999084472656,23.899999618530273,26.75,145289400.0
2021-02-24,PLTR,26.709999084472656,27.229999542236328,25.75,26.389999389648438,90095700.0
2021-02-25,PLTR,25.81999969482422,26.440000534057617,23.149999618530273,23.959999084472656,161776400.0
2021-02-26,PLTR,24.200000762939453,24.5,22.700000762939453,23.899999618530273,119588600.0
2021-03-01,PLTR,25.190000534057617,25.899999618530273,24.6200008392334,24.809999465942383,85059900.0
2021-03-02,PLTR,25.0,25.59000015258789,24.260000228881836,24.479999542236328,73997000.0
2021-03-03,PLTR,24.989999771118164,25.167999267578125,23.43000030517578,23.59000015258789,79046200.0
2021-03-04,PLTR,24.850000381469727,25.559999465942383,23.049999237060547,24.729999542236328,161611200.0
2021-03-05,PLTR,24.360000610351562,24.68000030517578,20.18000030517578,23.950000762939453,173468600.0
2021-03-08,PLTR,23.770000457763672,24.579999923706055,22.399999618530273,22.520000457763672,94432800.0
2021-03-09,PLTR,23.3799991607666,24.739999771118164,23.100000381469727,24.260000228881836,99586500.0
2021-03-10,PLTR,25.030000686645508,26.239999771118164,24.270000457763672,24.75,103212800.0
2021-03-11,PLTR,25.950000762939453,26.84000015258789,25.579999923706055,26.729999542236328,84788700.0
2021-03-12,PLTR,25.739999771118164,26.920000076293945,25.18000030517578,26.920000076293945,58721900.0
2021-03-15,PLTR,27.350000381469727,27.469999313354492,26.309999465942383,26.790000915527344,56101500.0
2021-03-16,PLTR,26.75,27.100000381469727,25.229999542236328,25.610000610351562,73615100.0
2021-03-17,PLTR,24.520000457763672,25.729999542236328,24.299999237060547,25.209999084472656,77081700.0
2021-03-18,PLTR,24.729999542236328,25.18000030517578,23.780000686645508,23.979999542236328,57141400.0
2021-03-19,PLTR,24.010000228881836,24.56999969482422,23.389999389648438,24.31999969482422,57915900.0
2021-03-22,PLTR,24.889999389648438,24.920000076293945,23.860000610351562,24.219999313354492,46208100.0
2021-03-23,PLTR,24.0,24.104999542236328,23.100000381469727,23.260000228881836,50169700.0
2021-03-24,PLTR,23.299999237060547,23.485000610351562,21.75,21.8799991607666,69271900.0
2021-03-25,PLTR,21.200000762939453,22.799999237060547,21.049999237060547,22.579999923706055,74592600.0
2021-03-26,PLTR,22.6299991607666,23.049999237060547,21.760000228881836,22.579999923706055,57916400.0
2021-03-29,PLTR,22.479999542236328,22.5,21.389999389648438,21.729999542236328,57647400.0
2021-03-30,PLTR,21.360000610351562,22.09000015258789,20.860000610351562,22.040000915527344,52039700.0
2021-03-31,PLTR,22.5,23.850000381469727,22.3799991607666,23.290000915527344,61458500.0
2021-04-01,PLTR,23.950000762939453,23.950000762939453,22.729999542236328,23.06999969482422,51788800.0
2021-04-05,PLTR,23.780000686645508,24.450000762939453,23.34000015258789,23.440000534057617,65374300.0
2021-04-06,PLTR,23.549999237060547,23.610000610351562,22.829999923706055,23.270000457763672,41933500.0
2021-04-07,PLTR,23.0,23.549999237060547,22.809999465942383,22.899999618530273,32766200.0
2021-04-08,PLTR,23.200000762939453,23.600000381469727,22.739999771118164,23.40999984741211,35905500.0
2021-04-09,PLTR,23.459999084472656,24.350000381469727,23.3700008392334,24.040000915527344,54082700.0
2021-04-12,PLTR,24.520000457763672,24.549999237060547,22.729999542236328,23.34000015258789,68620800.0
2021-04-13,PLTR,23.190000534057617,25.659000396728516,23.1200008392334,25.420000076293945,83913500.0
2021-04-14,PLTR,25.350000381469727,26.200000762939453,23.649999618530273,23.700000762939453,108793800.0
2021-04-15,PLTR,24.010000228881836,24.059999465942383,22.690000534057617,23.149999618530273,58849300.0
2021-04-16,PLTR,22.860000610351562,23.260000228881836,22.299999237060547,22.469999313354492,46627700.0
2021-04-19,PLTR,22.149999618530273,22.329999923706055,21.530000686645508,21.940000534057617,45753900.0
2021-04-20,PLTR,21.959999084472656,22.549999237060547,21.239999771118164,21.780000686645508,47123100.0
2021-04-21,PLTR,21.649999618530273,22.639999389648438,21.43000030517578,22.6299991607666,42641400.0
2021-04-22,PLTR,22.940000534057617,23.510000228881836,22.510000228881836,22.860000610351562,51346400.0
2021-04-23,PLTR,22.889999389648438,23.549999237060547,22.739999771118164,23.40999984741211,32052800.0
2021-04-26,PLTR,23.690000534057617,24.260000228881836,23.459999084472656,24.110000610351562,33667600.0
2021-04-27,PLTR,24.170000076293945,24.260000228881836,23.56999969482422,23.8799991607666,27678300.0
2021-04-28,PLTR,23.670000076293945,24.170000076293945,23.420000076293945,23.850000381469727,22068100.0
2021-04-29,PLTR,23.8700008392334,24.139999389648438,22.809999465942383,23.3700008392334,36770100.0
2021-04-30,PLTR,23.18000030517578,23.549999237060547,22.84000015258789,23.040000915527344,24717300.0
2021-05-03,PLTR,23.010000228881836,23.079999923706055,22.209999084472656,22.299999237060547,33934400.0
2021-05-04,PLTR,21.940000534057617,22.200000762939453,20.8700008392334,21.639999389648438,63429600.0
2021-05-05,PLTR,21.809999465942383,21.940000534057617,20.969999313354492,21.149999618530273,39134700.0
2021-05-06,PLTR,21.020000457763672,21.020000457763672,19.40999984741211,20.09000015258789,92201100.0
2021-05-07,PLTR,20.299999237060547,20.75,19.579999923706055,19.75,63725500.0
2021-05-10,PLTR,19.280000686645508,19.299999237060547,18.18000030517578,18.469999313354492,104670500.0
2021-05-11,PLTR,17.200000762939453,20.299999237060547,17.05500030517578,20.209999084472656,203230500.0
2021-05-12,PLTR,20.0,20.0,18.510000228881836,18.889999389648438,128281500.0
2021-05-13,PLTR,19.139999389648438,19.469999313354492,17.81999969482422,18.3700008392334,87811600.0
2021-05-14,PLTR,18.81999969482422,20.200000762939453,18.530000686645508,20.079999923706055,79409500.0
2021-05-17,PLTR,19.729999542236328,20.489999771118164,19.6299991607666,20.459999084472656,50039600.0
2021-05-18,PLTR,20.520000457763672,21.6200008392334,20.260000228881836,21.239999771118164,59672400.0
2021-05-19,PLTR,20.100000381469727,21.03499984741211,19.940000534057617,20.670000076293945,45314000.0
2021-05-20,PLTR,20.75,20.809999465942383,20.280000686645508,20.610000610351562,46302400.0
2021-05-21,PLTR,20.84000015258789,21.15999984741211,20.469999313354492,20.75,35372900.0
2021-05-24,PLTR,21.059999465942383,21.520000457763672,20.674999237060547,21.219999313354492,46596800.0
2021-05-25,PLTR,21.420000076293945,22.110000610351562,21.280000686645508,21.479999542236328,49890800.0
2021-05-26,PLTR,21.579999923706055,22.239999771118164,21.489999771118164,22.1200008392334,42958300.0
2021-05-27,PLTR,22.010000228881836,22.700000762939453,21.649999618530273,22.700000762939453,76230500.0
2021-05-28,PLTR,23.0,24.75,22.760000228881836,22.950000762939453,111846000.0
2021-06-01,PLTR,23.190000534057617,23.350000381469727,22.360000610351562,23.059999465942383,52695500.0
2021-06-02,PLTR,23.020000457763672,24.84000015258789,22.81999969482422,24.450000762939453,86473200.0
2021-06-03,PLTR,24.139999389648438,24.260000228881836,23.34000015258789,23.6299991607666,48164200.0
2021-06-04,PLTR,23.709999084472656,24.489999771118164,23.5,24.030000686645508,42537600.0
2021-06-07,PLTR,24.0,24.760000228881836,23.790000915527344,24.459999084472656,49641000.0
2021-06-08,PLTR,24.850000381469727,25.229999542236328,23.93000030517578,24.3799991607666,53488600.0
2021-06-09,PLTR,24.450000762939453,24.739999771118164,24.170000076293945,24.170000076293945,36006200.0
2021-06-10,PLTR,24.0,24.389999389648438,23.440000534057617,24.139999389648438,35482900.0
2021-06-11,PLTR,24.1200008392334,24.709999084472656,24.030000686645508,24.670000076293945,33113100.0
2021-06-14,PLTR,24.729999542236328,25.149999618530273,24.469999313354492,25.0,51801500.0
2021-06-15,PLTR,25.030000686645508,25.549999237060547,24.389999389648438,24.40999984741211,46693200.0
2021-06-16,PLTR,24.09000015258789,24.940000534057617,23.860000610351562,24.799999237060547,58452600.0
2021-06-17,PLTR,24.68000030517578,25.459999084472656,24.549999237060547,25.450000762939453,64408400.0
2021-06-18,PLTR,25.59000015258789,25.940000534057617,25.020000457763672,25.3700008392334,65852600.0
2021-06-21,PLTR,25.100000381469727,25.549999237060547,24.510000228881836,25.420000076293945,54805000.0
2021-06-22,PLTR,25.389999389648438,25.520000457763672,24.959999084472656,25.399999618530273,46171100.0
2021-06-23,PLTR,25.459999084472656,26.350000381469727,25.34000015258789,26.270000457763672,53362200.0
2021-06-24,PLTR,26.489999771118164,26.709999084472656,26.170000076293945,26.530000686645508,48419400.0
2021-06-25,PLTR,26.579999923706055,27.010000228881836,26.2450008392334,26.780000686645508,140832700.0
2021-06-28,PLTR,26.979999542236328,27.5,26.860000610351562,27.3799991607666,42184600.0
2021-06-29,PLTR,27.3799991607666,27.440000534057617,26.440000534057617,26.6299991607666,38478900.0
2021-06-30,PLTR,26.479999542236328,26.920000076293945,26.209999084472656,26.360000610351562,28957100.0
2021-07-01,PLTR,26.100000381469727,26.1299991607666,24.59000015258789,24.719999313354492,55429800.0
2021-07-02,PLTR,25.0,25.34000015258789,24.329999923706055,24.440000534057617,29389500.0
2021-07-06,PLTR,24.600000381469727,25.200000762939453,24.469999313354492,24.68000030517578,28764500.0
2021-07-07,PLTR,24.229999542236328,24.260000228881836,22.719999313354492,22.889999389648438,66937300.0
2021-07-08,PLTR,22.43000030517578,23.209999084472656,22.25,23.079999923706055,34612600.0
2021-07-09,PLTR,22.959999084472656,23.389999389648438,22.760000228881836,23.290000915527344,22492400.0
2021-07-12,PLTR,23.260000228881836,23.4950008392334,22.8799991607666,22.950000762939453,23457200.0
2021-07-13,PLTR,22.979999542236328,22.989999771118164,22.420000076293945,22.450000762939453,24748800.0
2021-07-14,PLTR,22.489999771118164,22.6200008392334,21.510000228881836,21.559999465942383,33796200.0
2021-07-15,PLTR,21.719999313354492,22.05500030517578,21.010000228881836,21.469999313354492,31871000.0
2021-07-16,PLTR,21.600000381469727,21.709999084472656,21.239999771118164,21.3700008392334,19503100.0
2021-07-19,PLTR,20.969999313354492,21.690000534057617,20.549999237060547,21.540000915527344,30314400.0
2021-07-20,PLTR,21.6299991607666,22.350000381469727,21.219999313354492,22.18000030517578,22954000.0
2021-07-21,PLTR,22.270000457763672,22.68000030517578,22.1200008392334,22.520000457763672,20437300.0
2021-07-22,PLTR,22.549999237060547,22.670000076293945,21.8799991607666,22.06999969482422,17468900.0
2021-07-23,PLTR,22.010000228881836,22.079999923706055,21.510000228881836,21.809999465942383,17653300.0
2021-07-26,PLTR,21.799999237060547,22.299999237060547,21.479999542236328,22.1299991607666,16267900.0
2021-07-27,PLTR,21.959999084472656,22.110000610351562,21.09000015258789,21.68000030517578,23078700.0
2021-07-28,PLTR,21.75,22.614999771118164,21.690000534057617,22.559999465942383,25073600.0
2021-07-29,PLTR,22.780000686645508,22.850000381469727,22.139999389648438,22.18000030517578,19219100.0
2021-07-30,PLTR,21.850000381469727,22.4060001373291,21.709999084472656,21.709999084472656,15889200.0
2021-08-02,PLTR,21.90999984741211,22.3700008392334,21.479999542236328,22.100000381469727,21372900.0
2021-08-03,PLTR,22.030000686645508,22.270000457763672,21.709999084472656,22.239999771118164,17040100.0
2021-08-04,PLTR,22.200000762939453,22.540000915527344,22.06999969482422,22.299999237060547,15537400.0
2021-08-05,PLTR,22.219999313354492,22.770000457763672,22.020000457763672,22.520000457763672,18575200.0
2021-08-06,PLTR,22.639999389648438,22.690000534057617,21.790000915527344,21.81999969482422,24200700.0
2021-08-09,PLTR,21.850000381469727,23.280000686645508,21.799999237060547,22.93000030517578,35611100.0
2021-08-10,PLTR,23.010000228881836,23.520000457763672,22.780000686645508,22.920000076293945,25947900.0
2021-08-11,PLTR,23.06999969482422,23.190000534057617,22.09000015258789,22.350000381469727,34679000.0
2021-08-12,PLTR,24.450000762939453,25.760000228881836,23.584999084472656,24.889999389648438,189287200.0
2021-08-13,PLTR,25.0,25.100000381469727,24.309999465942383,24.899999618530273,52395100.0
2021-08-16,PLTR,24.899999618530273,24.899999618530273,23.770000457763672,24.5,45907300.0
2021-08-17,PLTR,23.899999618530273,24.59000015258789,23.739999771118164,23.969999313354492,35348300.0
2021-08-18,PLTR,24.06999969482422,25.940000534057617,23.68000030517578,25.280000686645508,92065600.0
2021-08-19,PLTR,25.010000228881836,25.639999389648438,24.139999389648438,24.15999984741211,67605600.0
2021-08-20,PLTR,24.219999313354492,24.479999542236328,23.65999984741211,24.010000228881836,52062300.0
2021-08-23,PLTR,24.020000457763672,24.93000030517578,23.899999618530273,24.81999969482422,35705300.0
2021-08-24,PLTR,25.0,25.350000381469727,24.760000228881836,25.100000381469727,37227400.0
2021-08-25,PLTR,25.1200008392334,25.190000534057617,24.06999969482422,24.350000381469727,54678500.0
2021-08-26,PLTR,24.399999618530273,25.40999984741211,24.360000610351562,24.8700008392334,46179400.0
2021-08-27,PLTR,25.049999237060547,26.09000015258789,24.90999984741211,25.709999084472656,52268500.0
2021-08-30,PLTR,25.739999771118164,26.600000381469727,25.6200008392334,25.760000228881836,44139300.0
2021-08-31,PLTR,25.790000915527344,26.360000610351562,25.65999984741211,26.34000015258789,93168600.0
2021-09-01,PLTR,26.459999084472656,26.510000228881836,26.030000686645508,26.200000762939453,34417200.0
2021-09-02,PLTR,26.209999084472656,26.8700008392334,26.09000015258789,26.510000228881836,38460100.0
2021-09-03,PLTR,26.489999771118164,26.75,26.219999313354492,26.639999389648438,26609500.0
2021-09-07,PLTR,26.790000915527344,26.8799991607666,26.270000457763672,26.700000762939453,35835100.0
2021-09-08,PLTR,26.600000381469727,26.610000610351562,24.959999084472656,25.579999923706055,54394400.0
2021-09-09,PLTR,25.389999389648438,26.239999771118164,25.290000915527344,26.1299991607666,34190800.0
2021-09-10,PLTR,26.18000030517578,26.729999542236328,26.170000076293945,26.280000686645508,37307800.0
2021-09-13,PLTR,26.149999618530273,26.23900032043457,25.030000686645508,25.829999923706055,42372300.0
2021-09-14,PLTR,25.969999313354492,26.700000762939453,25.899999618530273,26.260000228881836,34569000.0
2021-09-15,PLTR,26.299999237060547,27.149999618530273,26.030000686645508,27.079999923706055,49555500.0
2021-09-16,PLTR,27.200000762939453,28.790000915527344,27.020000457763672,28.6299991607666,109992000.0
2021-09-17,PLTR,28.65999984741211,29.290000915527344,28.06999969482422,28.709999084472656,182052600.0
2021-09-20,PLTR,27.56999969482422,28.100000381469727,26.059999465942383,26.549999237060547,89413500.0
2021-09-21,PLTR,26.889999389648438,27.14900016784668,26.079999923706055,26.6200008392334,50933600.0
2021-09-22,PLTR,26.610000610351562,27.770000457763672,26.582000732421875,27.43000030517578,44308100.0
2021-09-23,PLTR,27.709999084472656,29.190000534057617,27.670000076293945,28.770000457763672,60028600.0
2021-09-24,PLTR,28.270000457763672,28.760000228881836,27.900999069213867,28.559999465942383,40309700.0
2021-09-27,PLTR,28.229999542236328,28.3799991607666,27.229999542236328,27.469999313354492,44102800.0
2021-09-28,PLTR,27.020000457763672,27.1299991607666,25.209999084472656,25.34000015258789,64206200.0
2021-09-29,PLTR,25.610000610351562,25.700000762939453,24.420000076293945,24.520000457763672,46164500.0
2021-09-30,PLTR,24.690000534057617,25.049999237060547,23.8799991607666,24.040000915527344,59505600.0
2021-10-01,PLTR,24.209999084472656,24.360000610351562,23.719999313354492,24.329999923706055,32778000.0
2021-10-04,PLTR,24.010000228881836,24.049999237060547,23.020000457763672,23.170000076293945,46789700.0
2021-10-05,PLTR,23.209999084472656,23.8799991607666,23.06999969482422,23.209999084472656,56574800.0
2021-10-06,PLTR,24.90999984741211,25.010000228881836,23.350000381469727,23.579999923706055,125175700.0
2021-10-07,PLTR,23.709999084472656,24.1299991607666,23.540000915527344,23.729999542236328,38873700.0
2021-10-08,PLTR,23.860000610351562,24.09600067138672,23.110000610351562,23.5,39713400.0
2021-10-11,PLTR,23.260000228881836,23.979999542236328,23.260000228881836,23.530000686645508,23971700.0
2021-10-12,PLTR,23.549999237060547,23.809999465942383,23.290000915527344,23.690000534057617,26280000.0
2021-10-13,PLTR,23.829999923706055,24.309999465942383,23.790000915527344,24.1299991607666,28494000.0
2021-10-14,PLTR,24.43000030517578,24.709999084472656,24.204999923706055,24.350000381469727,26106700.0
2021-10-15,PLTR,24.5,24.520000457763672,23.829999923706055,24.0,24366100.0
2021-10-18,PLTR,24.0,24.389999389648438,23.920000076293945,24.260000228881836,25609900.0
2021-10-19,PLTR,24.5,25.200000762939453,24.360000610351562,24.690000534057617,29393900.0
2021-10-20,PLTR,24.790000915527344,24.959999084472656,24.170000076293945,24.219999313354492,24248000.0
2021-10-21,PLTR,24.1299991607666,24.93000030517578,24.079999923706055,24.780000686645508,23976600.0
2021-10-22,PLTR,24.489999771118164,24.850000381469727,24.25,24.43000030517578,20166800.0
2021-10-25,PLTR,24.5,25.540000915527344,24.479999542236328,25.40999984741211,33962100.0
2021-10-26,PLTR,25.989999771118164,26.75,25.25,25.520000457763672,56767000.0
2021-10-27,PLTR,25.639999389648438,25.899999618530273,25.020000457763672,25.059999465942383,24157200.0
2021-10-28,PLTR,25.299999237060547,25.795000076293945,25.1200008392334,25.639999389648438,21203000.0
2021-10-29,PLTR,25.5,26.1200008392334,25.450000762939453,25.8799991607666,21910300.0
2021-11-01,PLTR,26.110000610351562,26.645000457763672,25.882999420166016,26.559999465942383,26684700.0
2021-11-02,PLTR,26.559999465942383,26.719999313354492,25.55500030517578,25.920000076293945,30794600.0
2021-11-03,PLTR,25.889999389648438,26.235000610351562,25.170000076293945,26.1200008392334,25244200.0
2021-11-04,PLTR,26.260000228881836,26.56999969482422,25.8700008392334,26.469999313354492,25029700.0
2021-11-05,PLTR,26.450000762939453,26.6299991607666,25.719999313354492,26.0,26005000.0
2021-11-08,PLTR,26.25,27.110000610351562,26.1200008392334,26.75,41359600.0
2021-11-09,PLTR,25.899999618530273,25.979999542236328,23.950000762939453,24.25,117540200.0
2021-11-10,PLTR,23.600000381469727,23.639999389648438,22.1200008392334,22.520000457763672,94860100.0
2021-11-11,PLTR,23.040000915527344,23.1299991607666,22.665000915527344,22.989999771118164,43381500.0
2021-11-12,PLTR,23.020000457763672,23.225000381469727,22.3799991607666,22.829999923706055,53516200.0
2021-11-15,PLTR,23.0,23.520000457763672,22.950000762939453,23.40999984741211,33225700.0
2021-11-16,PLTR,23.290000915527344,23.290000915527344,22.610000610351562,23.1299991607666,31574800.0
2021-11-17,PLTR,23.049999237060547,23.2189998626709,22.399999618530273,22.489999771118164,27994100.0
2021-11-18,PLTR,22.5,22.549999237060547,21.341999053955078,21.5,51039900.0
2021-11-19,PLTR,21.600000381469727,21.959999084472656,21.299999237060547,21.40999984741211,30013100.0
2021-11-22,PLTR,21.530000686645508,21.56999969482422,20.18000030517578,20.649999618530273,59899100.0
2021-11-23,PLTR,20.59000015258789,21.049999237060547,20.049999237060547,20.59000015258789,44588000.0
2021-11-24,PLTR,20.350000381469727,21.200000762939453,20.059999465942383,21.110000610351562,35233900.0
2021-11-26,PLTR,20.40999984741211,21.09000015258789,20.349000930786133,21.030000686645508,20691200.0
2021-11-29,PLTR,21.190000534057617,21.399999618530273,20.559999465942383,21.06999969482422,29114000.0
2021-11-30,PLTR,20.950000762939453,21.25,20.110000610351562,20.649999618530273,38196400.0
2021-12-01,PLTR,20.530000686645508,20.889999389648438,19.290000915527344,19.3799991607666,48283700.0
2021-12-02,PLTR,19.299999237060547,19.90999984741211,19.059999465942383,19.690000534057617,45802900.0
2021-12-03,PLTR,19.5,19.530000686645508,18.399999618530273,18.979999542236328,56039600.0
2021-12-06,PLTR,18.540000915527344,18.969999313354492,18.075000762939453,18.799999237060547,56459800.0
2021-12-07,PLTR,19.260000228881836,19.854999542236328,19.06999969482422,19.459999084472656,35129000.0
2021-12-08,PLTR,19.510000228881836,19.825000762939453,19.030000686645508,19.81999969482422,28425900.0
2021-12-09,PLTR,19.950000762939453,20.149999618530273,19.040000915527344,19.209999084472656,30354700.0
2021-12-10,PLTR,19.280000686645508,19.579999923706055,18.700000762939453,18.940000534057617,27594500.0
2021-12-13,PLTR,18.799999237060547,19.075000762939453,18.170000076293945,18.399999618530273,38376000.0
2021-12-14,PLTR,18.0,18.858999252319336,17.90999984741211,18.639999389648438,38864800.0
2021-12-15,PLTR,18.3700008392334,18.940000534057617,17.9950008392334,18.860000610351562,39361900.0
2021-12-16,PLTR,18.959999084472656,19.1200008392334,18.149999618530273,18.34000015258789,33950000.0
2021-12-17,PLTR,18.030000686645508,19.100000381469727,17.809999465942383,19.059999465942383,44495200.0
2021-12-20,PLTR,18.59000015258789,18.670000076293945,17.834999084472656,17.959999084472656,42265900.0
2021-12-21,PLTR,18.15999984741211,18.979999542236328,18.100000381469727,18.899999618530273,33878600.0
2021-12-22,PLTR,18.649999618530273,19.450000762939453,18.649999618530273,18.8799991607666,33894200.0
2021-12-23,PLTR,18.850000381469727,19.135000228881836,18.719999313354492,18.93000030517578,24758300.0
2021-12-27,PLTR,18.780000686645508,19.25,18.780000686645508,18.940000534057617,21782000.0
2021-12-28,PLTR,18.889999389648438,19.06999969482422,18.440000534057617,18.56999969482422,20518800.0
2021-12-29,PLTR,18.530000686645508,18.600000381469727,17.90999984741211,18.170000076293945,28217500.0
2021-12-30,PLTR,18.100000381469727,18.9950008392334,18.06999969482422,18.690000534057617,29285200.0
2021-12-31,PLTR,18.610000610351562,18.920000076293945,18.209999084472656,18.209999084472656,23556000.0
2022-01-03,PLTR,18.360000610351562,18.569000244140625,17.860000610351562,18.530000686645508,34283600.0
2022-01-04,PLTR,18.610000610351562,18.84000015258789,17.790000915527344,18.170000076293945,39643200.0
2022-01-05,PLTR,18.030000686645508,18.56800079345703,16.8700008392334,16.959999084472656,58445900.0
2022-01-06,PLTR,16.8700008392334,17.18000030517578,16.05500030517578,16.739999771118164,49737100.0
2022-01-07,PLTR,16.700000762939453,17.329999923706055,16.475000381469727,16.559999465942383,37989300.0
2022-01-10,PLTR,16.190000534057617,16.56999969482422,15.350000381469727,16.5,77649400.0
2022-01-11,PLTR,16.399999618530273,17.25,16.31999969482422,16.889999389648438,47442600.0
2022-01-12,PLTR,17.15999984741211,17.459999084472656,16.399999618530273,16.719999313354492,39784200.0
2022-01-13,PLTR,16.799999237060547,16.81999969482422,15.9399995803833,16.010000228881836,35492200.0
2022-01-14,PLTR,15.9399995803833,16.249000549316406,15.619999885559082,16.010000228881836,35624900.0
2022-01-18,PLTR,15.449999809265137,15.75,14.920000076293945,14.970000267028809,49067700.0
2022-01-19,PLTR,14.899999618530273,15.25,14.539999961853027,14.5600004196167,48049100.0
2022-01-20,PLTR,14.890000343322754,15.550000190734863,14.569999694824219,14.619999885559082,44690400.0
2022-01-21,PLTR,14.25,14.477999687194824,13.5,13.529999732971191,73031300.0
2022-01-24,PLTR,12.789999961853027,13.40999984741211,11.75,13.399999618530273,110518900.0
2022-01-25,PLTR,13.119999885559082,13.600000381469727,12.829999923706055,13.0600004196167,47456600.0
2022-01-26,PLTR,13.600000381469727,13.819999694824219,12.680000305175781,12.75,69949700.0
2022-01-27,PLTR,13.010000228881836,13.0600004196167,12.199999809265137,12.279999732971191,52622900.0
2022-01-28,PLTR,12.300000190734863,12.880000114440918,11.890000343322754,12.710000038146973,54887500.0
2022-01-31,PLTR,12.770000457763672,13.739999771118164,12.760000228881836,13.710000038146973,51039300.0
2022-02-01,PLTR,14.229999542236328,14.369999885559082,13.5600004196167,14.199999809265137,69012900.0
2022-02-02,PLTR,14.09000015258789,14.199999809265137,13.1899995803833,13.319999694824219,47204300.0
2022-02-03,PLTR,12.949999809265137,13.319999694824219,12.420000076293945,12.449999809265137,47236900.0
2022-02-04,PLTR,12.470000267028809,13.09000015258789,12.265000343322754,12.9399995803833,38989200.0
2022-02-07,PLTR,13.024999618530273,13.600000381469727,12.9399995803833,12.979999542236328,45646100.0
2022-02-08,PLTR,12.75,13.189000129699707,12.619999885559082,13.149999618530273,30317100.0
2022-02-09,PLTR,13.289999961853027,13.890000343322754,13.260000228881836,13.869999885559082,34451900.0
2022-02-10,PLTR,13.5,14.164999961853027,13.369999885559082,13.5600004196167,41998200.0
2022-02-11,PLTR,13.449999809265137,13.920000076293945,12.970000267028809,13.130000114440918,41831600.0
2022-02-14,PLTR,13.100000381469727,13.795000076293945,12.979999542236328,13.260000228881836,40617900.0
2022-02-15,PLTR,13.520000457763672,14.1850004196167,13.40999984741211,14.170000076293945,48523700.0
2022-02-16,PLTR,13.90999984741211,14.260000228881836,13.65999984741211,13.970000267028809,58624400.0
2022-02-17,PLTR,12.390000343322754,12.699999809265137,11.699999809265137,11.770000457763672,151385400.0
2022-02-18,PLTR,11.920000076293945,12.010000228881836,10.569999694824219,11.020000457763672,137808100.0
2022-02-22,PLTR,10.699999809265137,11.1850004196167,10.300000190734863,10.479999542236328,104501500.0
2022-02-23,PLTR,10.829999923706055,11.260000228881836,10.399999618530273,10.430000305175781,93964500.0
2022-02-24,PLTR,9.75,11.869999885559082,9.739999771118164,11.829999923706055,118793000.0
2022-02-25,PLTR,11.59000015258789,11.890000343322754,11.0,11.470000267028809,75433700.0
2022-02-28,PLTR,11.960000038146973,12.180000305175781,11.390000343322754,11.850000381469727,75390500.0
2022-03-01,PLTR,11.989999771118164,12.520000457763672,11.710000038146973,12.180000305175781,64867200.0
2022-03-02,PLTR,12.210000038146973,12.210000038146973,11.420000076293945,12.0600004196167,56698300.0
2022-03-03,PLTR,12.010000228881836,12.055000305175781,11.234999656677246,11.34000015258789,46172000.0
2022-03-04,PLTR,11.699999809265137,11.770000457763672,10.739999771118164,10.960000038146973,43502200.0
2022-03-07,PLTR,11.430000305175781,11.75,11.100000381469727,11.109999656677246,63070600.0
2022-03-08,PLTR,10.930000305175781,11.390000343322754,10.718999862670898,11.039999961853027,49279600.0
2022-03-09,PLTR,11.40999984741211,12.020000457763672,11.270000457763672,11.649999618530273,43591400.0
2022-03-10,PLTR,11.380000114440918,11.970000267028809,11.319999694824219,11.869999885559082,52295400.0
2022-03-11,PLTR,11.859999656677246,12.005000114440918,11.369999885559082,11.390000343322754,37817400.0
2022-03-14,PLTR,11.170000076293945,11.40999984741211,10.40999984741211,10.5,49762600.0
2022-03-15,PLTR,10.470000267028809,10.850000381469727,10.270000457763672,10.770000457763672,40451200.0
2022-03-16,PLTR,10.949999809265137,11.819999694824219,10.9399995803833,11.789999961853027,62746600.0
2022-03-17,PLTR,11.720000267028809,12.369999885559082,11.65999984741211,12.319999694824219,43948900.0
2022-03-18,PLTR,12.279999732971191,13.020000457763672,12.21500015258789,12.819999694824219,59125500.0
2022-03-21,PLTR,12.720000267028809,13.050000190734863,12.420000076293945,12.59000015258789,39410900.0
2022-03-22,PLTR,12.520000457763672,13.479999542236328,12.520000457763672,13.270000457763672,46210700.0
2022-03-23,PLTR,13.15999984741211,13.550000190734863,13.020000457763672,13.180000305175781,33699400.0
2022-03-24,PLTR,13.25,13.420000076293945,12.829999923706055,13.390000343322754,29535300.0
2022-03-25,PLTR,13.359999656677246,13.395000457763672,12.710000038146973,12.970000267028809,24796900.0
2022-03-28,PLTR,13.010000228881836,13.4399995803833,12.854999542236328,13.420000076293945,27152000.0
2022-03-29,PLTR,13.649999618530273,14.279999732971191,13.350000381469727,14.199999809265137,46433700.0
2022-03-30,PLTR,14.039999961853027,14.359999656677246,13.739999771118164,13.880000114440918,32164000.0
2022-03-31,PLTR,13.899999618530273,14.0600004196167,13.630000114440918,13.729999542236328,22840000.0
2022-04-01,PLTR,13.770000457763672,14.0649995803833,13.5,13.829999923706055,23831600.0
2022-04-04,PLTR,14.029999732971191,14.65999984741211,14.020000457763672,14.630000114440918,40066800.0
2022-04-05,PLTR,14.609999656677246,14.859999656677246,13.795000076293945,13.890000343322754,37677300.0
2022-04-06,PLTR,13.520000457763672,13.539999961853027,12.850000381469727,13.0,40647700.0
2022-04-07,PLTR,12.949999809265137,13.34000015258789,12.479999542236328,12.84000015258789,34727400.0
2022-04-08,PLTR,12.699999809265137,13.050000190734863,12.569999694824219,12.699999809265137,24962500.0
2022-04-11,PLTR,12.449999809265137,12.819999694824219,12.130000114440918,12.65999984741211,26095800.0
2022-04-12,PLTR,12.880000114440918,13.199999809265137,12.425000190734863,12.460000038146973,26226500.0
2022-04-13,PLTR,12.350000381469727,12.9399995803833,12.230999946594238,12.899999618530273,21152900.0
2022-04-14,PLTR,12.920000076293945,12.920000076293945,12.40999984741211,12.420000076293945,23284100.0
2022-04-18,PLTR,12.350000381469727,12.414999961853027,11.880000114440918,12.149999618530273,25395600.0
2022-04-19,PLTR,12.079999923706055,13.020000457763672,12.069999694824219,12.90999984741211,31753900.0
2022-04-20,PLTR,13.079999923706055,13.170000076293945,12.739999771118164,12.789999961853027,31528600.0
2022-04-21,PLTR,13.020000457763672,13.329999923706055,12.225000381469727,12.329999923706055,32009000.0
2022-04-22,PLTR,12.329999923706055,12.729999542236328,11.859999656677246,11.960000038146973,30386100.0
2022-04-25,PLTR,11.829999923706055,12.15999984741211,11.680000305175781,12.109999656677246,31727600.0
2022-04-26,PLTR,11.9399995803833,12.050000190734863,11.100000381469727,11.119999885559082,38666500.0
2022-04-27,PLTR,11.010000228881836,11.194999694824219,10.529999732971191,10.5600004196167,54508500.0
2022-04-28,PLTR,10.6899995803833,11.045000076293945,10.369999885559082,10.949999809265137,40074500.0
2022-04-29,PLTR,10.899999618530273,11.229999542236328,10.359999656677246,10.399999618530273,30937500.0
2022-05-02,PLTR,10.380000114440918,10.755000114440918,10.180000305175781,10.739999771118164,41193800.0
2022-05-03,PLTR,10.6899995803833,10.979999542236328,10.4399995803833,10.550000190734863,31372700.0
2022-05-04,PLTR,10.529999732971191,11.010000228881836,10.079999923706055,10.979999542236328,43239900.0
2022-05-05,PLTR,10.800000190734863,10.800000190734863,9.979999542236328,10.119999885559082,40523600.0
2022-05-06,PLTR,10.0,10.050000190734863,9.420000076293945,9.479999542236328,69691300.0
2022-05-09,PLTR,7.78000020980835,7.849999904632568,7.320000171661377,7.460000038146973,170871700.0
2022-05-10,PLTR,7.559999942779541,7.703000068664551,6.929999828338623,7.289999961853027,86932400.0
2022-05-11,PLTR,7.28000020980835,7.539999961853027,6.659999847412109,6.710000038146973,72894900.0
2022-05-12,PLTR,6.550000190734863,7.380000114440918,6.440000057220459,7.340000152587891,82147300.0
2022-05-13,PLTR,7.519999980926514,8.350000381469727,7.519999980926514,8.34000015258789,69242700.0
2022-05-16,PLTR,8.170000076293945,8.430000305175781,8.010000228881836,8.039999961853027,46153200.0
2022-05-17,PLTR,8.100000381469727,8.460000038146973,8.010000228881836,8.359999656677246,38620800.0
2022-05-18,PLTR,8.210000038146973,8.430000305175781,7.920000076293945,8.010000228881836,29304600.0
2022-05-19,PLTR,7.96999979019165,8.581000328063965,7.945000171661377,8.3100004196167,35780900.0
2022-05-20,PLTR,8.260000228881836,8.399999618530273,7.710000038146973,8.079999923706055,40879100.0
2022-05-23,PLTR,8.010000228881836,8.170000076293945,7.800000190734863,8.010000228881836,27755200.0
2022-05-24,PLTR,7.980000019073486,7.989999771118164,7.369999885559082,7.550000190734863,47218700.0
2022-05-25,PLTR,7.519999980926514,8.017999649047852,7.510000228881836,7.960000038146973,35068900.0
2022-05-26,PLTR,7.840000152587891,8.399999618530273,7.769999980926514,8.359999656677246,39738900.0
2022-05-27,PLTR,8.5,8.850000381469727,8.434000015258789,8.850000381469727,37064000.0
2022-05-31,PLTR,8.970000267028809,9.100000381469727,8.5600004196167,8.680000305175781,41672300.0
2022-06-01,PLTR,8.720000267028809,8.979000091552734,8.380000114440918,8.460000038146973,34438100.0
2022-06-02,PLTR,8.539999961853027,9.390000343322754,8.461000442504883,9.300000190734863,41347000.0
2022-06-03,PLTR,9.039999961853027,9.25,8.859999656677246,8.9399995803833,36632300.0
2022-06-06,PLTR,9.109999656677246,9.210000038146973,8.779999732971191,8.979999542236328,35101100.0
2022-06-07,PLTR,8.890000343322754,9.140000343322754,8.729999542236328,9.130000114440918,28049400.0
2022-06-08,PLTR,9.180000305175781,9.420000076293945,9.09000015258789,9.180000305175781,29056300.0
2022-06-09,PLTR,9.130000114440918,9.15999984741211,8.670000076293945,8.680000305175781,30527400.0
2022-06-10,PLTR,8.479999542236328,8.579999923706055,8.140000343322754,8.260000228881836,30225800.0
2022-06-13,PLTR,7.989999771118164,8.0,7.5,7.639999866485596,40943000.0
2022-06-14,PLTR,7.735000133514404,7.980000019073486,7.585000038146973,7.820000171661377,30564100.0
2022-06-15,PLTR,7.920000076293945,8.300000190734863,7.815000057220459,8.119999885559082,38235300.0
2022-06-16,PLTR,7.840000152587891,7.985000133514404,7.579999923706055,7.670000076293945,36793500.0
2022-06-17,PLTR,7.699999809265137,8.329999923706055,7.690000057220459,8.239999771118164,45518000.0
2022-06-21,PLTR,8.59000015258789,9.050000190734863,8.5600004196167,8.710000038146973,48887600.0
2022-06-22,PLTR,8.520000457763672,9.28499984741211,8.449999809265137,9.010000228881836,43430600.0
2022-06-23,PLTR,9.020000457763672,9.5,8.84000015258789,9.460000038146973,44618000.0
2022-06-24,PLTR,9.529999732971191,10.199999809265137,9.479999542236328,10.1899995803833,67826000.0
2022-06-27,PLTR,10.149999618530273,10.15999984741211,9.510000228881836,9.619999885559082,44768000.0
2022-06-28,PLTR,9.569999694824219,9.880000114440918,9.1899995803833,9.3100004196167,45589000.0
2022-06-29,PLTR,9.350000381469727,9.420000076293945,9.069999694824219,9.229999542236328,40408700.0
2022-06-30,PLTR,9.020000457763672,9.1899995803833,8.720000267028809,9.069999694824219,33636400.0
2022-07-01,PLTR,9.109999656677246,9.430000305175781,9.031000137329102,9.270000457763672,33504400.0
2022-07-05,PLTR,9.140000343322754,10.100000381469727,9.0,10.069999694824219,55854800.0
2022-07-06,PLTR,10.010000228881836,10.3100004196167,9.739999771118164,9.800000190734863,54604300.0
2022-07-07,PLTR,9.760000228881836,10.279999732971191,9.75,10.180000305175781,35672500.0
2022-07-08,PLTR,9.920000076293945,10.380000114440918,9.829999923706055,10.170000076293945,36737100.0
2022-07-11,PLTR,9.979999542236328,9.994000434875488,9.529999732971191,9.5600004196167,34015100.0
2022-07-12,PLTR,9.65999984741211,9.960000038146973,9.270000457763672,9.489999771118164,42765800.0
2022-07-13,PLTR,9.220000267028809,9.550000190734863,9.050000190734863,9.279999732971191,32461300.0
2022-07-14,PLTR,9.229999542236328,9.279999732971191,8.850000381469727,8.899999618530273,26702100.0
2022-07-15,PLTR,9.010000228881836,9.119999885559082,8.649999618530273,9.039999961853027,34918100.0
2022-07-18,PLTR,9.25,9.449999809265137,9.005000114440918,9.029999732971191,32428400.0
2022-07-19,PLTR,9.149999618530273,9.369999885559082,8.890000343322754,9.34000015258789,29033800.0
2022-07-20,PLTR,9.4399995803833,10.199999809265137,9.4399995803833,10.109999656677246,40845200.0
2022-07-21,PLTR,10.369999885559082,10.760000228881836,10.220000267028809,10.489999771118164,51691200.0
2022-07-22,PLTR,10.350000381469727,10.569999694824219,9.729999542236328,9.84000015258789,38915500.0
2022-07-25,PLTR,9.829999923706055,9.850000381469727,9.520000457763672,9.680000305175781,21485000.0
2022-07-26,PLTR,9.65999984741211,9.65999984741211,9.380000114440918,9.399999618530273,21997800.0
2022-07-27,PLTR,9.670000076293945,10.029999732971191,9.5,10.020000457763672,29810900.0
2022-07-28,PLTR,10.029999732971191,10.199999809265137,9.739999771118164,10.130000114440918,27172900.0
2022-07-29,PLTR,10.010000228881836,10.350000381469727,9.920000076293945,10.350000381469727,31106600.0
2022-08-01,PLTR,10.25,10.699999809265137,10.121999740600586,10.470000267028809,31694700.0
2022-08-02,PLTR,10.319999694824219,11.229999542236328,10.260000228881836,10.920000076293945,40958800.0
2022-08-03,PLTR,11.079999923706055,11.34000015258789,11.039999961853027,11.199999809265137,35796500.0
2022-08-04,PLTR,11.1899995803833,11.40999984741211,11.029999732971191,11.319999694824219,32093400.0
2022-08-05,PLTR,11.010000228881836,11.619999885559082,10.850000381469727,11.449999809265137,50264800.0
2022-08-08,PLTR,9.770000457763672,10.399999618530273,9.710000038146973,9.819999694824219,125272600.0
2022-08-09,PLTR,9.539999961853027,9.569999694824219,9.010000228881836,9.25,58788900.0
2022-08-10,PLTR,9.510000228881836,9.65999984741211,9.319999694824219,9.59000015258789,46054900.0
2022-08-11,PLTR,9.760000228881836,10.050000190734863,9.399999618530273,9.420000076293945,44790900.0
2022-08-12,PLTR,9.550000190734863,9.970000267028809,9.420000076293945,9.90999984741211,30638200.0
2022-08-15,PLTR,9.819999694824219,10.100000381469727,9.760000228881836,9.90999984741211,33263400.0
2022-08-16,PLTR,9.850000381469727,9.880000114440918,9.359999656677246,9.739999771118164,40603900.0
2022-08-17,PLTR,9.5600004196167,9.619000434875488,9.329999923706055,9.430000305175781,33933600.0
2022-08-18,PLTR,9.420000076293945,9.470000267028809,9.119999885559082,9.149999618530273,26365600.0
2022-08-19,PLTR,9.0,9.010000228881836,8.479999542236328,8.510000228881836,40560200.0
2022-08-22,PLTR,8.319999694824219,8.399999618530273,8.0600004196167,8.069999694824219,37824900.0
2022-08-23,PLTR,8.100000381469727,8.279999732971191,8.0,8.010000228881836,25658500.0
2022-08-24,PLTR,8.039999961853027,8.359999656677246,7.980000019073486,8.100000381469727,26576400.0
2022-08-25,PLTR,8.220000267028809,8.430000305175781,8.050000190734863,8.420000076293945,25635600.0
2022-08-26,PLTR,8.420000076293945,8.430000305175781,7.929999828338623,7.940000057220459,34150400.0
2022-08-29,PLTR,7.820000171661377,7.998000144958496,7.760000228881836,7.809999942779541,28566200.0
2022-08-30,PLTR,7.929999828338623,7.974999904632568,7.679999828338623,7.789999961853027,27189200.0
2022-08-31,PLTR,7.949999809265137,8.0,7.699999809265137,7.71999979019165,28691500.0
2022-09-01,PLTR,7.610000133514404,7.619999885559082,7.21999979019165,7.489999771118164,39079700.0
2022-09-02,PLTR,7.670000076293945,7.670000076293945,7.349999904632568,7.400000095367432,25965000.0
2022-09-06,PLTR,7.449999809265137,7.460000038146973,7.170000076293945,7.28000020980835,30429400.0
2022-09-07,PLTR,7.269999980926514,7.429999828338623,7.179999828338623,7.389999866485596,30330000.0
2022-09-08,PLTR,7.329999923706055,7.53000020980835,7.269999980926514,7.53000020980835,26303600.0
2022-09-09,PLTR,7.679999828338623,7.820000171661377,7.639999866485596,7.789999961853027,27822300.0
2022-09-12,PLTR,7.860000133514404,8.029999732971191,7.820000171661377,8.010000228881836,30544800.0
2022-09-13,PLTR,7.630000114440918,7.659999847412109,7.449999809265137,7.480000019073486,29770700.0
2022-09-14,PLTR,7.449999809265137,7.630000114440918,7.329999923706055,7.630000114440918,29422500.0
2022-09-15,PLTR,7.46999979019165,8.100000381469727,7.449999809265137,8.010000228881836,51700600.0
2022-09-16,PLTR,7.75,7.929999828338623,7.639999866485596,7.78000020980835,42155500.0
2022-09-19,PLTR,7.639999866485596,7.860000133514404,7.579999923706055,7.860000133514404,29238800.0
2022-09-20,PLTR,7.78000020980835,7.914999961853027,7.599999904632568,7.619999885559082,30349600.0
2022-09-21,PLTR,7.71999979019165,8.069999694824219,7.65500020980835,7.690000057220459,36814500.0
2022-09-22,PLTR,7.739999771118164,7.739999771118164,7.239999771118164,7.369999885559082,49138300.0
2022-09-23,PLTR,7.199999809265137,7.420000076293945,7.130000114440918,7.400000095367432,34197300.0
2022-09-26,PLTR,7.349999904632568,7.829999923706055,7.349999904632568,7.53000020980835,45429800.0
2022-09-27,PLTR,7.690000057220459,7.835000038146973,7.460000038146973,7.630000114440918,31794700.0
2022-09-28,PLTR,7.630000114440918,8.0,7.619999885559082,7.940000057220459,31955900.0
2022-09-29,PLTR,8.050000190734863,8.329999923706055,7.78000020980835,8.079999923706055,57845800.0
2022-09-30,PLTR,8.010000228881836,8.5,7.9710001945495605,8.130000114440918,47454800.0
2022-10-03,PLTR,8.145000457763672,8.300000190734863,7.96999979019165,8.239999771118164,35524000.0
2022-10-04,PLTR,8.479999542236328,8.609999656677246,8.34000015258789,8.460000038146973,36313300.0
2022-10-05,PLTR,8.260000228881836,8.484999656677246,8.074999809265137,8.420000076293945,37790200.0
2022-10-06,PLTR,8.399999618530273,8.600000381469727,8.3149995803833,8.470000267028809,27653400.0
2022-10-07,PLTR,8.260000228881836,8.279999732971191,8.109999656677246,8.149999618530273,29550500.0
2022-10-10,PLTR,8.170000076293945,8.180000305175781,7.880000114440918,8.0600004196167,26923300.0
2022-10-11,PLTR,7.989999771118164,8.295000076293945,7.699999809265137,8.039999961853027,40775800.0
2022-10-12,PLTR,8.0600004196167,8.100000381469727,7.820000171661377,8.069999694824219,30201600.0
2022-10-13,PLTR,7.739999771118164,8.199999809265137,7.565000057220459,8.079999923706055,36040900.0
2022-10-14,PLTR,8.229999542236328,8.3100004196167,7.53000020980835,7.53000020980835,37430100.0
2022-10-17,PLTR,7.710000038146973,8.0600004196167,7.690000057220459,7.940000057220459,31751700.0
2022-10-18,PLTR,8.149999618530273,8.329999923706055,8.039999961853027,8.15999984741211,37120400.0
2022-10-19,PLTR,8.0600004196167,8.125,7.84499979019165,7.909999847412109,26594000.0
2022-10-20,PLTR,7.730000019073486,8.260000228881836,7.730000019073486,8.039999961853027,26689500.0
2022-10-21,PLTR,7.929999828338623,8.319999694824219,7.809999942779541,8.289999961853027,30705700.0
2022-10-24,PLTR,8.300000190734863,8.300000190734863,8.010000228881836,8.270000457763672,28062200.0
2022-10-25,PLTR,8.359999656677246,8.65999984741211,8.359999656677246,8.65999984741211,31001500.0
2022-10-26,PLTR,8.479999542236328,9.050000190734863,8.390000343322754,8.569999694824219,33530900.0
2022-10-27,PLTR,8.680000305175781,8.779999732971191,8.460000038146973,8.600000381469727,28940800.0
2022-10-28,PLTR,8.550000190734863,8.65999984741211,8.364999771118164,8.640000343322754,20697400.0
2022-10-31,PLTR,8.59000015258789,8.829999923706055,8.430000305175781,8.789999961853027,31376100.0
2022-11-01,PLTR,8.989999771118164,9.0600004196167,8.5600004196167,8.649999618530273,29800000.0
2022-11-02,PLTR,8.699999809265137,8.760000228881836,8.199999809265137,8.220000267028809,36042600.0
2022-11-03,PLTR,8.069999694824219,8.300000190734863,7.869999885559082,8.079999923706055,36419500.0
2022-11-04,PLTR,8.1899995803833,8.199999809265137,7.650000095367432,7.929999828338623,64338900.0
2022-11-07,PLTR,7.78000020980835,7.849999904632568,6.889999866485596,7.019999980926514,99332800.0
2022-11-08,PLTR,7.079999923706055,7.420000076293945,6.909999847412109,7.210000038146973,56353900.0
2022-11-09,PLTR,7.119999885559082,7.184999942779541,6.949999809265137,6.980000019073486,42517300.0
2022-11-10,PLTR,7.460000038146973,7.96999979019165,7.429999828338623,7.639999866485596,58579800.0
2022-11-11,PLTR,7.480000019073486,8.420000076293945,7.375,8.40999984741211,55324100.0
2022-11-14,PLTR,8.180000305175781,8.319999694824219,7.953000068664551,8.100000381469727,37402700.0
2022-11-15,PLTR,8.449999809265137,8.470000267028809,8.154999732971191,8.34000015258789,34454100.0
2022-11-16,PLTR,8.180000305175781,8.239999771118164,8.0,8.0600004196167,28436000.0
2022-11-17,PLTR,7.829999923706055,7.880000114440918,7.525000095367432,7.619999885559082,33746500.0
2022-11-18,PLTR,7.760000228881836,7.789999961853027,7.309999942779541,7.389999866485596,27245200.0
2022-11-21,PLTR,7.309999942779541,7.320000171661377,7.070000171661377,7.190000057220459,36605600.0
2022-11-22,PLTR,7.179999828338623,7.25,6.980000019073486,7.21999979019165,27327800.0
2022-11-23,PLTR,7.25,7.420000076293945,7.119999885559082,7.369999885559082,24182900.0
2022-11-25,PLTR,7.320000171661377,7.339000225067139,7.190000057220459,7.28000020980835,10824400.0
2022-11-28,PLTR,7.230000019073486,7.400000095367432,7.150000095367432,7.159999847412109,19438000.0
2022-11-29,PLTR,7.199999809265137,7.300000190734863,7.050000190734863,7.079999923706055,22150800.0
2022-11-30,PLTR,7.139999866485596,7.510000228881836,7.0329999923706055,7.5,32745700.0
2022-12-01,PLTR,7.510000228881836,7.880000114440918,7.46999979019165,7.860000133514404,34424400.0
2022-12-02,PLTR,7.614999771118164,7.760000228881836,7.5,7.659999847412109,18794000.0
2022-12-05,PLTR,7.619999885559082,7.695000171661377,7.105000019073486,7.190000057220459,32158200.0
2022-12-06,PLTR,7.190000057220459,7.195000171661377,6.880000114440918,6.989999771118164,32868100.0
2022-12-07,PLTR,7.079999923706055,7.349999904632568,7.019999980926514,7.070000171661377,28351600.0
2022-12-08,PLTR,7.099999904632568,7.269999980926514,6.940000057220459,7.119999885559082,23107700.0
2022-12-09,PLTR,7.059999942779541,7.190000057220459,7.03000020980835,7.110000133514404,23367300.0
2022-12-12,PLTR,7.110000133514404,7.309999942779541,7.090000152587891,7.289999961853027,22672400.0
2022-12-13,PLTR,7.730000019073486,7.96999979019165,7.489999771118164,7.5,41033800.0
2022-12-14,PLTR,7.5,7.599999904632568,7.264999866485596,7.349999904632568,22653800.0
2022-12-15,PLTR,7.170000076293945,7.297999858856201,7.010000228881836,7.010000228881836,25417100.0
2022-12-16,PLTR,7.019999980926514,7.079999923706055,6.760000228881836,6.900000095367432,32655600.0
2022-12-19,PLTR,6.800000190734863,6.829999923706055,6.320000171661377,6.349999904632568,41511600.0
2022-12-20,PLTR,6.289999961853027,6.539999961853027,6.199999809265137,6.309999942779541,30215600.0
2022-12-21,PLTR,6.239999771118164,6.519999980926514,6.039999961853027,6.5,34408600.0
2022-12-22,PLTR,6.369999885559082,6.380000114440918,6.179999828338623,6.320000171661377,28066000.0
2022-12-23,PLTR,6.269999980926514,6.300000190734863,6.070000171661377,6.289999961853027,20419000.0
2022-12-27,PLTR,6.150000095367432,6.21999979019165,5.920000076293945,6.0,34573300.0
2022-12-28,PLTR,5.980000019073486,6.170000076293945,5.949999809265137,6.070000171661377,30096800.0
2022-12-29,PLTR,6.099999904632568,6.525000095367432,6.099999904632568,6.400000095367432,42694200.0
2022-12-30,PLTR,6.190000057220459,6.420000076293945,6.190000057220459,6.420000076293945,27830900.0
2023-01-03,PLTR,6.579999923706055,6.639999866485596,6.275000095367432,6.389999866485596,29969900.0
2023-01-04,PLTR,6.480000019073486,6.675000190734863,6.369999885559082,6.579999923706055,31660500.0
2023-01-05,PLTR,6.449999809265137,6.489999771118164,6.25,6.320000171661377,34186000.0
2023-01-06,PLTR,6.400000095367432,6.449999809265137,6.090000152587891,6.400000095367432,30596400.0
2023-01-09,PLTR,6.489999771118164,6.670000076293945,6.400000095367432,6.5,31028900.0
2023-01-10,PLTR,6.5,6.71999979019165,6.489999771118164,6.699999809265137,28236600.0
2023-01-11,PLTR,6.840000152587891,6.989999771118164,6.760000228881836,6.980000019073486,25936700.0
2023-01-12,PLTR,7.010000228881836,7.050000190734863,6.78000020980835,7.010000228881836,30152500.0
2023-01-13,PLTR,6.840000152587891,7.010000228881836,6.809999942779541,6.960000038146973,20981000.0
2023-01-17,PLTR,6.989999771118164,7.150000095367432,6.730000019073486,7.070000171661377,30910300.0
2023-01-18,PLTR,7.15500020980835,7.300000190734863,6.880000114440918,6.900000095367432,32743400.0
2023-01-19,PLTR,6.800000190734863,6.894999980926514,6.670000076293945,6.730000019073486,24841700.0
2023-01-20,PLTR,6.760000228881836,7.059999942779541,6.71999979019165,7.019999980926514,28751700.0
2023-01-23,PLTR,7.03000020980835,7.409999847412109,6.991000175476074,7.380000114440918,31633300.0
2023-01-24,PLTR,7.0,7.420000076293945,7.0,7.019999980926514,22649500.0
2023-01-25,PLTR,6.920000076293945,7.269999980926514,6.690000057220459,7.21999979019165,37147900.0
2023-01-26,PLTR,7.369999885559082,7.449999809265137,7.039999961853027,7.239999771118164,28005600.0
2023-01-27,PLTR,7.190000057220459,7.730000019073486,7.139999866485596,7.550000190734863,37555200.0
2023-01-30,PLTR,7.5,7.610000133514404,7.360000133514404,7.369999885559082,28567800.0
2023-01-31,PLTR,7.409999847412109,7.820000171661377,7.380000114440918,7.78000020980835,40984000.0
2023-02-01,PLTR,7.730000019073486,8.220000267028809,7.679999828338623,8.199999809265137,50123700.0
2023-02-02,PLTR,8.510000228881836,9.210000038146973,8.470000267028809,8.989999771118164,71889700.0
2023-02-03,PLTR,8.539999961853027,8.899999618530273,8.373000144958496,8.40999984741211,64785500.0
2023-02-06,PLTR,8.3100004196167,8.53499984741211,8.239999771118164,8.3100004196167,38845500.0
2023-02-07,PLTR,8.329999923706055,8.40999984741211,8.0600004196167,8.329999923706055,42201800.0
2023-02-08,PLTR,8.25,8.569999694824219,8.170000076293945,8.220000267028809,35105500.0
2023-02-09,PLTR,8.34000015258789,8.430000305175781,7.940000057220459,7.949999809265137,33366700.0
2023-02-10,PLTR,7.789999961853027,7.860000133514404,7.460000038146973,7.510000228881836,43042400.0
2023-02-13,PLTR,7.579999923706055,7.775000095367432,7.449999809265137,7.610000133514404,87397100.0
2023-02-14,PLTR,8.59000015258789,9.295000076293945,8.229999542236328,9.220000267028809,216055200.0
2023-02-15,PLTR,9.15999984741211,10.229999542236328,9.109999656677246,10.109999656677246,153210400.0
2023-02-16,PLTR,9.649999618530273,10.3100004196167,9.600000381469727,9.710000038146973,88638800.0
2023-02-17,PLTR,9.569999694824219,9.710000038146973,9.085000038146973,9.199999809265137,62137800.0
2023-02-21,PLTR,9.010000228881836,9.100000381469727,8.399999618530273,8.470000267028809,65226600.0
2023-02-22,PLTR,8.479999542236328,8.625,8.15999984741211,8.359999656677246,55346000.0
2023-02-23,PLTR,8.420000076293945,8.479999542236328,7.909999847412109,8.170000076293945,60015500.0
2023-02-24,PLTR,7.940000057220459,8.199999809265137,7.869999885559082,8.09000015258789,41518600.0
2023-02-27,PLTR,8.119999885559082,8.229999542236328,7.960000038146973,8.029999732971191,35270000.0
2023-02-28,PLTR,7.960000038146973,8.097000122070312,7.800000190734863,7.840000152587891,32937000.0
2023-03-01,PLTR,7.829999923706055,7.909999847412109,7.690000057220459,7.690000057220459,27939100.0
2023-03-02,PLTR,7.590000152587891,8.029999732971191,7.559999942779541,7.96999979019165,36538700.0
2023-03-03,PLTR,8.0,8.5,8.0,8.329999923706055,43229100.0
2023-03-06,PLTR,8.34000015258789,8.449999809265137,8.199999809265137,8.279999732971191,28316200.0
2023-03-07,PLTR,8.274999618530273,8.425000190734863,8.1899995803833,8.279999732971191,26819600.0
2023-03-08,PLTR,8.359999656677246,8.579999923706055,8.0600004196167,8.130000114440918,38723600.0
2023-03-09,PLTR,8.069999694824219,8.260000228881836,7.679999828338623,7.690000057220459,29005900.0
2023-03-10,PLTR,7.590000152587891,7.679999828338623,7.28000020980835,7.349999904632568,41953600.0
2023-03-13,PLTR,7.289999961853027,8.149999618530273,7.190000057220459,7.869999885559082,63183500.0
2023-03-14,PLTR,8.050000190734863,8.140000343322754,7.78000020980835,7.889999866485596,33460100.0
2023-03-15,PLTR,7.809999942779541,7.989999771118164,7.699999809265137,7.900000095367432,28217400.0
2023-03-16,PLTR,8.010000228881836,8.079999923706055,7.860000133514404,7.980000019073486,20255400.0
2023-03-17,PLTR,7.929999828338623,8.029999732971191,7.840000152587891,7.880000114440918,20920800.0
2023-03-20,PLTR,7.764999866485596,8.095000267028809,7.71999979019165,8.079999923706055,25497400.0
2023-03-21,PLTR,8.199999809265137,8.510000228881836,8.170000076293945,8.449999809265137,27104500.0
2023-03-22,PLTR,8.4399995803833,8.619999885559082,8.199999809265137,8.210000038146973,34151000.0
2023-03-23,PLTR,8.319999694824219,8.5600004196167,8.15999984741211,8.329999923706055,22662200.0
2023-03-24,PLTR,8.289999961853027,8.350000381469727,8.0600004196167,8.199999809265137,17901200.0
2023-03-27,PLTR,8.149999618530273,8.319999694824219,7.940000057220459,8.039999961853027,20666800.0
2023-03-28,PLTR,8.0600004196167,8.119999885559082,7.96999979019165,8.0,14860500.0
2023-03-29,PLTR,8.09000015258789,8.25,8.050999641418457,8.220000267028809,15339700.0
2023-03-30,PLTR,8.329999923706055,8.380000114440918,8.050000190734863,8.149999618530273,21001600.0
2023-03-31,PLTR,8.149999618530273,8.479999542236328,8.079999923706055,8.449999809265137,26174800.0
2023-04-03,PLTR,8.369999885559082,8.529999732971191,8.210000038146973,8.380000114440918,22512000.0
2023-04-04,PLTR,8.529999732971191,8.539999961853027,8.229999542236328,8.350000381469727,23961200.0
2023-04-05,PLTR,8.630000114440918,8.649999618530273,7.840000152587891,7.980000019073486,54946900.0
2023-04-06,PLTR,7.880000114440918,8.140000343322754,7.789999961853027,8.09000015258789,23488600.0
2023-04-10,PLTR,8.0,8.4399995803833,7.900000095367432,8.390000343322754,29184700.0
2023-04-11,PLTR,8.350000381469727,8.789999961853027,8.34000015258789,8.609999656677246,35617900.0
2023-04-12,PLTR,8.75,8.774999618530273,8.300000190734863,8.329999923706055,28771300.0
2023-04-13,PLTR,8.5,8.699999809265137,8.430000305175781,8.579999923706055,27983300.0
2023-04-14,PLTR,8.529999732971191,8.90999984741211,8.470000267028809,8.8100004196167,42364500.0
2023-04-17,PLTR,8.8100004196167,9.039999961853027,8.779999732971191,8.800000190734863,26047500.0
2023-04-18,PLTR,8.930000305175781,9.020000457763672,8.720000267028809,8.729999542236328,21185300.0
2023-04-19,PLTR,8.579999923706055,8.657999992370605,8.479999542236328,8.489999771118164,18193700.0
2023-04-20,PLTR,8.289999961853027,8.5,8.130000114440918,8.149999618530273,23573000.0
2023-04-21,PLTR,8.140000343322754,8.220000267028809,8.09000015258789,8.180000305175781,14896700.0
2023-04-24,PLTR,8.15999984741211,8.25,7.940000057220459,8.100000381469727,20439300.0
2023-04-25,PLTR,8.0,8.020000457763672,7.730000019073486,7.739999771118164,21849100.0
2023-04-26,PLTR,7.869999885559082,7.909999847412109,7.650000095367432,7.739999771118164,21396700.0
2023-04-27,PLTR,7.829999923706055,7.909999847412109,7.71999979019165,7.820000171661377,21385500.0
2023-04-28,PLTR,7.769999980926514,8.0,7.619999885559082,7.75,24924400.0
2023-05-01,PLTR,7.75,7.820000171661377,7.659999847412109,7.78000020980835,19134200.0
2023-05-02,PLTR,7.71999979019165,7.909999847412109,7.429999828338623,7.590000152587891,38008000.0
2023-05-03,PLTR,7.619999885559082,7.679999828338623,7.449999809265137,7.559999942779541,24322400.0
2023-05-04,PLTR,7.46999979019165,7.519999980926514,7.28000020980835,7.380000114440918,29989300.0
2023-05-05,PLTR,7.440000057220459,7.550000190734863,7.320000171661377,7.409999847412109,45848800.0
2023-05-08,PLTR,7.639999866485596,7.855000019073486,7.590000152587891,7.739999771118164,105304000.0
2023-05-09,PLTR,9.220000267028809,9.6899995803833,8.654999732971191,9.550000190734863,223573300.0
2023-05-10,PLTR,9.729999542236328,10.300000190734863,9.460000038146973,9.9399995803833,149375000.0
2023-05-11,PLTR,10.140000343322754,10.159000396728516,9.710000038146973,9.880000114440918,73754100.0
2023-05-12,PLTR,9.859999656677246,10.010000228881836,9.470000267028809,9.5,62123900.0
2023-05-15,PLTR,9.210000038146973,9.600000381469727,9.020000457763672,9.520000457763672,53555500.0
2023-05-16,PLTR,9.399999618530273,9.630000114440918,9.350000381469727,9.470000267028809,42311900.0
2023-05-17,PLTR,9.539999961853027,10.28499984741211,9.460000038146973,10.25,63834500.0
2023-05-18,PLTR,10.460000038146973,11.8100004196167,10.390000343322754,11.739999771118164,171402300.0
2023-05-19,PLTR,11.970000267028809,12.40999984741211,11.520000457763672,11.710000038146973,150269300.0
2023-05-22,PLTR,11.619999885559082,12.104999542236328,11.390000343322754,11.84000015258789,76377100.0
2023-05-23,PLTR,11.949999809265137,13.420000076293945,11.869999885559082,12.640000343322754,148701800.0
2023-05-24,PLTR,12.050000190734863,12.430000305175781,11.819999694824219,12.229999542236328,90496900.0
2023-05-25,PLTR,13.180000305175781,13.220000267028809,12.34000015258789,12.84000015258789,106557800.0
2023-05-26,PLTR,12.84000015258789,14.194999694824219,12.819999694824219,13.649999618530273,127311200.0
2023-05-30,PLTR,14.4399995803833,15.005000114440918,14.239999771118164,14.710000038146973,159089300.0
2023-05-31,PLTR,14.1899995803833,14.789999961853027,13.819999694824219,14.710000038146973,130392200.0
2023-06-01,PLTR,14.460000038146973,15.220000267028809,14.199999809265137,14.539999961853027,126015100.0
2023-06-02,PLTR,14.649999618530273,15.029999732971191,14.15999984741211,14.520000457763672,79487600.0
2023-06-05,PLTR,14.364999771118164,15.699999809265137,14.364999771118164,15.239999771118164,109017800.0
2023-06-06,PLTR,15.300000190734863,15.579999923706055,14.920000076293945,15.460000038146973,74284300.0
2023-06-07,PLTR,16.010000228881836,17.15999984741211,14.520000457763672,14.6899995803833,227244100.0
2023-06-08,PLTR,14.4399995803833,15.59000015258789,14.390000343322754,15.1899995803833,115591600.0
2023-06-09,PLTR,15.359999656677246,15.979999542236328,14.819999694824219,15.020000457763672,94126300.0
2023-06-12,PLTR,15.4399995803833,16.030000686645508,15.329999923706055,15.649999618530273,89900400.0
2023-06-13,PLTR,16.18000030517578,16.270000457763672,15.163000106811523,16.0,112765900.0
2023-06-14,PLTR,15.930000305175781,16.190000534057617,15.4399995803833,15.90999984741211,70871900.0
2023-06-15,PLTR,15.65999984741211,16.790000915527344,15.489999771118164,16.600000381469727,91200900.0
2023-06-16,PLTR,16.8700008392334,16.90999984741211,16.010000228881836,16.299999237060547,90696200.0
2023-06-20,PLTR,15.989999771118164,16.889999389648438,15.579999923706055,15.789999961853027,81335000.0
2023-06-21,PLTR,15.65999984741211,15.755000114440918,14.369999885559082,14.640000343322754,97885000.0
2023-06-22,PLTR,14.300000190734863,14.4399995803833,13.859999656677246,14.050000190734863,103461000.0
2023-06-23,PLTR,13.640000343322754,14.140000343322754,13.5600004196167,14.029999732971191,74851000.0
2023-06-26,PLTR,13.869999885559082,14.420000076293945,13.829999923706055,13.9399995803833,50679900.0
2023-06-27,PLTR,14.220000267028809,14.760000228881836,13.960000038146973,14.609999656677246,55410500.0
2023-06-28,PLTR,14.529999732971191,15.430000305175781,14.46500015258789,15.279999732971191,66001000.0
2023-06-29,PLTR,15.399999618530273,15.569999694824219,15.0600004196167,15.199999809265137,46300900.0
2023-06-30,PLTR,15.479999542236328,15.800000190734863,15.229999542236328,15.329999923706055,42195300.0
2023-07-03,PLTR,15.489999771118164,15.59000015258789,15.1899995803833,15.520000457763672,26037400.0
2023-07-05,PLTR,15.425000190734863,15.770000457763672,15.229999542236328,15.699999809265137,39179900.0
2023-07-06,PLTR,15.319999694824219,15.383000373840332,14.619999885559082,15.130000114440918,56534000.0
2023-07-07,PLTR,15.229999542236328,15.899999618530273,15.1899995803833,15.34000015258789,48273300.0
2023-07-10,PLTR,15.369999885559082,16.329999923706055,14.944999694824219,16.299999237060547,62823600.0
2023-07-11,PLTR,16.469999313354492,16.93000030517578,16.149999618530273,16.489999771118164,63236600.0
2023-07-12,PLTR,16.780000686645508,16.940000534057617,16.40999984741211,16.59000015258789,50079400.0
2023-07-13,PLTR,16.700000762939453,17.260000228881836,16.631000518798828,16.739999771118164,58397800.0
2023-07-14,PLTR,16.760000228881836,17.0,16.270000457763672,16.399999618530273,45115000.0
2023-07-17,PLTR,16.420000076293945,17.59000015258789,16.31999969482422,17.399999618530273,63505000.0
2023-07-18,PLTR,17.8799991607666,18.1299991607666,17.190000534057617,18.079999923706055,87117600.0
2023-07-19,PLTR,18.020000457763672,18.9950008392334,17.760000228881836,18.049999237060547,89044600.0
2023-07-20,PLTR,17.540000915527344,18.0,16.979999542236328,17.1299991607666,62711600.0
2023-07-21,PLTR,17.469999313354492,17.489999771118164,16.0,16.43000030517578,63375900.0
2023-07-24,PLTR,16.610000610351562,16.690000534057617,16.1200008392334,16.31999969482422,36133600.0
2023-07-25,PLTR,16.350000381469727,16.860000610351562,16.350000381469727,16.549999237060547,36612900.0
2023-07-26,PLTR,16.399999618530273,16.690000534057617,16.1299991607666,16.43000030517578,35804800.0
2023-07-27,PLTR,16.799999237060547,17.190000534057617,16.0,16.149999618530273,50685200.0
2023-07-28,PLTR,17.209999084472656,17.969999313354492,16.739999771118164,17.809999465942383,106125600.0
2023-07-31,PLTR,18.81999969482422,19.9950008392334,18.3799991607666,19.84000015258789,142173800.0
2023-08-01,PLTR,19.459999084472656,20.239999771118164,19.229999542236328,19.989999771118164,99336200.0
2023-08-02,PLTR,19.260000228881836,19.6200008392334,18.149999618530273,18.969999313354492,98215800.0
2023-08-03,PLTR,18.6299991607666,19.299999237060547,18.610000610351562,18.709999084472656,54345900.0
2023-08-04,PLTR,18.874000549316406,19.079999923706055,18.079999923706055,18.200000762939453,72386000.0
2023-08-07,PLTR,18.25,18.389999389648438,17.010000228881836,17.989999771118164,133808400.0
2023-08-08,PLTR,17.489999771118164,17.489999771118164,16.100000381469727,17.040000915527344,143014200.0
2023-08-09,PLTR,16.760000228881836,16.920000076293945,15.100000381469727,15.25,126230400.0
2023-08-10,PLTR,15.4399995803833,15.869999885559082,15.25,15.40999984741211,73129100.0
2023-08-11,PLTR,15.050000190734863,15.579999923706055,14.90999984741211,15.40999984741211,56616800.0
2023-08-14,PLTR,15.199999809265137,15.739999771118164,14.949999809265137,15.720000267028809,47511400.0
2023-08-15,PLTR,15.609999656677246,15.869999885559082,15.289999961853027,15.369999885559082,44000400.0
2023-08-16,PLTR,15.210000038146973,15.725000381469727,15.119999885559082,15.449999809265137,40394600.0
2023-08-17,PLTR,15.390000343322754,15.437000274658203,14.03499984741211,14.149999618530273,91086700.0
2023-08-18,PLTR,13.880000114440918,14.600000381469727,13.680000305175781,14.399999618530273,70215200.0
2023-08-21,PLTR,14.420000076293945,14.779999732971191,14.34000015258789,14.5,43206200.0
2023-08-22,PLTR,14.760000228881836,15.130000114440918,14.630000114440918,14.670000076293945,52001800.0
2023-08-23,PLTR,14.5,15.470000267028809,14.420000076293945,15.300000190734863,53523300.0
2023-08-24,PLTR,15.699999809265137,15.710000038146973,13.875,14.140000343322754,93586200.0
2023-08-25,PLTR,14.140000343322754,14.649999618530273,14.010000228881836,14.529999732971191,55668900.0
2023-08-28,PLTR,14.6899995803833,14.880000114440918,14.5,14.640000343322754,35964700.0
2023-08-29,PLTR,14.600000381469727,15.630000114440918,14.5,15.399999618530273,47213200.0
2023-08-30,PLTR,15.460000038146973,16.350000381469727,15.329999923706055,16.329999923706055,65674100.0
2023-08-31,PLTR,15.600000381469727,15.850000381469727,14.649999618530273,14.979999542236328,101517200.0
2023-09-01,PLTR,15.15999984741211,15.364999771118164,14.829999923706055,15.180000305175781,45258900.0
2023-09-05,PLTR,15.079999923706055,15.420000076293945,14.899999618530273,15.210000038146973,33818400.0
2023-09-06,PLTR,15.170000076293945,15.619999885559082,15.079999923706055,15.300000190734863,38738100.0
2023-09-07,PLTR,14.880000114440918,15.239999771118164,14.289999961853027,15.210000038146973,51798800.0
2023-09-08,PLTR,15.119999885559082,15.609999656677246,15.085000038146973,15.130000114440918,33862000.0
2023-09-11,PLTR,15.40999984741211,16.100000381469727,15.359999656677246,15.789999961853027,55294700.0
2023-09-12,PLTR,15.460000038146973,16.149999618530273,15.430000305175781,15.59000015258789,39497900.0
2023-09-13,PLTR,15.630000114440918,15.850000381469727,15.420000076293945,15.600000381469727,34354400.0
2023-09-14,PLTR,15.6899995803833,16.040000915527344,15.470000267028809,15.829999923706055,38572500.0
2023-09-15,PLTR,15.770000457763672,15.899999618530273,15.170000076293945,15.329999923706055,56271200.0
2023-09-18,PLTR,15.180000305175781,15.630000114440918,15.069999694824219,15.460000038146973,37404100.0
2023-09-19,PLTR,15.34000015258789,15.519000053405762,14.949999809265137,15.149999618530273,37804800.0
2023-09-20,PLTR,15.25,15.425000190734863,14.732999801635742,14.739999771118164,37640500.0
2023-09-21,PLTR,14.34000015258789,14.598999977111816,13.680000305175781,14.0,73071800.0
2023-09-22,PLTR,14.229999542236328,14.414999961853027,14.029999732971191,14.130000114440918,47714500.0
2023-09-25,PLTR,14.0,14.239999771118164,13.819999694824219,14.220000267028809,39693900.0
2023-09-26,PLTR,13.949999809265137,14.170000076293945,13.880000114440918,13.960000038146973,37276200.0
2023-09-27,PLTR,14.199999809265137,14.960000038146973,14.15999984741211,14.850000381469727,62780600.0
2023-09-28,PLTR,15.140000343322754,15.960000038146973,14.824999809265137,15.770000457763672,66590800.0
2023-09-29,PLTR,16.110000610351562,16.809999465942383,15.960000038146973,16.0,78055100.0
2023-10-02,PLTR,16.030000686645508,16.440000534057617,15.770000457763672,15.880000114440918,41043900.0
2023-10-03,PLTR,15.609999656677246,15.770000457763672,14.819999694824219,14.899999618530273,51578100.0
2023-10-04,PLTR,15.460000038146973,15.850000381469727,15.15999984741211,15.729999542236328,52786200.0
2023-10-05,PLTR,15.5600004196167,15.899999618530273,15.40999984741211,15.8100004196167,49648100.0
2023-10-06,PLTR,15.5600004196167,16.69499969482422,15.510000228881836,16.610000610351562,65946300.0
2023-10-09,PLTR,16.25,17.829999923706055,16.219999313354492,17.610000610351562,106161200.0
2023-10-10,PLTR,18.059999465942383,18.399999618530273,17.6200008392334,17.799999237060547,99971500.0
2023-10-11,PLTR,17.8700008392334,18.440000534057617,17.729999542236328,17.920000076293945,55745600.0
2023-10-12,PLTR,17.920000076293945,18.239999771118164,17.551000595092773,17.940000534057617,57940900.0
2023-10-13,PLTR,18.059999465942383,18.15999984741211,17.270000457763672,17.360000610351562,54541600.0
2023-10-16,PLTR,17.209999084472656,17.459999084472656,16.670000076293945,17.360000610351562,44987300.0
2023-10-17,PLTR,17.0,18.030000686645508,16.90999984741211,17.84000015258789,54401300.0
2023-10-18,PLTR,17.809999465942383,18.219999313354492,17.190000534057617,17.200000762939453,44208300.0
2023-10-19,PLTR,17.440000534057617,17.579999923706055,16.969999313354492,17.059999465942383,46303200.0
2023-10-20,PLTR,16.850000381469727,16.940000534057617,15.8100004196167,16.110000610351562,63875500.0
2023-10-23,PLTR,15.899999618530273,16.34000015258789,15.210000038146973,16.200000762939453,55967200.0
2023-10-24,PLTR,16.3799991607666,16.93000030517578,16.299999237060547,16.639999389648438,39833800.0
2023-10-25,PLTR,16.56999969482422,16.6299991607666,15.579999923706055,15.59000015258789,46706500.0
2023-10-26,PLTR,15.600000381469727,15.90999984741211,15.050000190734863,15.289999961853027,49351800.0
2023-10-27,PLTR,15.479999542236328,15.600000381469727,14.960000038146973,15.069999694824219,39913600.0
2023-10-30,PLTR,15.270000457763672,15.289999961853027,14.5600004196167,14.6899995803833,46886400.0
2023-10-31,PLTR,14.579999923706055,15.010000228881836,14.550000190734863,14.800000190734863,40195400.0
2023-11-01,PLTR,14.800000190734863,14.960000038146973,14.479999542236328,14.920000076293945,54419100.0
2023-11-02,PLTR,17.479999542236328,18.299999237060547,17.209999084472656,17.969999313354492,170406800.0
2023-11-03,PLTR,18.020000457763672,19.07900047302246,17.760000228881836,18.889999389648438,109302000.0
2023-11-06,PLTR,18.989999771118164,19.079999923706055,17.93000030517578,18.540000915527344,79952600.0
2023-11-07,PLTR,18.860000610351562,19.170000076293945,18.530000686645508,18.799999237060547,56289100.0
2023-11-08,PLTR,18.850000381469727,18.93000030517578,18.149999618530273,18.489999771118164,46063100.0
2023-11-09,PLTR,18.65999984741211,18.8700008392334,18.15999984741211,18.270000457763672,48454200.0
2023-11-10,PLTR,18.155000686645508,19.719999313354492,18.059999465942383,19.670000076293945,92748000.0
2023-11-13,PLTR,19.59000015258789,19.8799991607666,19.299999237060547,19.709999084472656,74877500.0
2023-11-14,PLTR,20.0,20.100000381469727,19.5,19.940000534057617,83230500.0
2023-11-15,PLTR,19.899999618530273,20.3700008392334,19.611000061035156,19.950000762939453,75533500.0
2023-11-16,PLTR,19.799999237060547,19.875,19.290000915527344,19.770000457763672,49942800.0
2023-11-17,PLTR,19.68000030517578,20.579999923706055,19.659000396728516,20.489999771118164,69497400.0
2023-11-20,PLTR,20.649999618530273,21.600000381469727,20.559999465942383,21.34000015258789,90270000.0
2023-11-21,PLTR,21.110000610351562,21.850000381469727,19.719999313354492,19.799999237060547,106643300.0
2023-11-22,PLTR,20.260000228881836,20.440000534057617,19.329999923706055,19.690000534057617,68326000.0
2023-11-24,PLTR,19.3799991607666,19.600000381469727,18.93000030517578,19.200000762939453,39800400.0
2023-11-27,PLTR,19.1299991607666,19.5,18.6200008392334,19.079999923706055,58808200.0
2023-11-28,PLTR,19.110000610351562,19.799999237060547,19.030000686645508,19.709999084472656,54170700.0
2023-11-29,PLTR,19.94499969482422,20.309999465942383,19.780000686645508,19.84000015258789,62782100.0
2023-11-30,PLTR,19.940000534057617,20.229999542236328,19.68000030517578,20.049999237060547,55501000.0
2023-12-01,PLTR,19.93000030517578,20.290000915527344,19.549999237060547,20.270000457763672,61493700.0
2023-12-04,PLTR,19.75,19.899999618530273,18.270000457763672,18.399999618530273,104948500.0
2023-12-05,PLTR,18.25,18.549999237060547,17.959999084472656,18.299999237060547,54460800.0
2023-12-06,PLTR,17.690000534057617,17.829999923706055,17.049999237060547,17.1299991607666,96111000.0
2023-12-07,PLTR,17.219999313354492,17.479999542236328,17.079999923706055,17.219999313354492,56455000.0
2023-12-08,PLTR,17.18000030517578,17.920000076293945,17.09000015258789,17.770000457763672,57542100.0
2023-12-11,PLTR,17.969999313354492,18.280000686645508,17.700000762939453,17.770000457763672,50929600.0
2023-12-12,PLTR,17.690000534057617,17.8799991607666,17.229999542236328,17.5,46231900.0
2023-12-13,PLTR,17.649999618530273,17.899999618530273,17.219999313354492,17.8700008392334,52682600.0
2023-12-14,PLTR,18.170000076293945,18.579999923706055,17.719999313354492,18.209999084472656,67462800.0
2023-12-15,PLTR,18.670000076293945,19.149999618530273,18.040000915527344,18.200000762939453,93307100.0
2023-12-18,PLTR,18.209999084472656,18.575000762939453,17.770000457763672,17.84000015258789,60188100.0
2023-12-19,PLTR,17.979999542236328,18.190000534057617,17.84000015258789,17.950000762939453,43530300.0
2023-12-20,PLTR,17.8700008392334,17.920000076293945,17.190000534057617,17.25,58666900.0
2023-12-21,PLTR,17.530000686645508,17.739999771118164,17.420000076293945,17.59000015258789,30493600.0
2023-12-22,PLTR,17.700000762939453,17.700000762939453,17.325000762939453,17.40999984741211,33693800.0
2023-12-26,PLTR,17.440000534057617,17.7450008392334,17.329999923706055,17.68000030517578,31750700.0
2023-12-27,PLTR,17.780000686645508,17.90999984741211,17.450000762939453,17.469999313354492,32918400.0
2023-12-28,PLTR,17.459999084472656,17.84000015258789,17.420000076293945,17.559999465942383,38990000.0
2023-12-29,PLTR,17.520000457763672,17.639999389648438,17.100000381469727,17.170000076293945,38943500.0
2024-01-02,PLTR,16.950000762939453,16.950000762939453,16.5,16.579999923706055,41626700.0
2024-01-03,PLTR,16.1200008392334,16.3799991607666,16.010000228881836,16.09000015258789,46865200.0
2024-01-04,PLTR,16.049999237060547,16.579999923706055,15.949999809265137,16.25,39937700.0
2024-01-05,PLTR,15.699999809265137,16.128000259399414,15.663999557495117,15.979999542236328,57700000.0
2024-01-08,PLTR,16.219999313354492,16.889999389648438,16.139999389648438,16.670000076293945,49090000.0
2024-01-09,PLTR,16.510000228881836,16.6299991607666,16.280000686645508,16.389999389648438,35794500.0
2024-01-10,PLTR,16.5,17.030000686645508,16.399999618530273,16.790000915527344,41254400.0
2024-01-11,PLTR,16.809999465942383,16.93000030517578,16.170000076293945,16.68000030517578,39552400.0
2024-01-12,PLTR,16.68000030517578,17.059999465942383,16.6200008392334,16.760000228881836,33952600.0
2024-01-16,PLTR,16.59000015258789,16.739999771118164,16.290000915527344,16.530000686645508,32659300.0
2024-01-17,PLTR,16.260000228881836,16.40999984741211,16.049999237060547,16.389999389648438,30832800.0
2024-01-18,PLTR,16.75,16.809999465942383,16.100000381469727,16.399999618530273,35239700.0
2024-01-19,PLTR,16.56999969482422,16.780000686645508,16.149999618530273,16.780000686645508,40690600.0
2024-01-22,PLTR,17.459999084472656,18.350000381469727,17.43000030517578,17.600000381469727,85573900.0
2024-01-23,PLTR,17.639999389648438,17.729999542236328,17.200000762939453,17.329999923706055,37794300.0
2024-01-24,PLTR,17.510000228881836,17.649999618530273,16.735000610351562,16.75,42710700.0
2024-01-25,PLTR,16.920000076293945,17.0,16.309999465942383,16.459999084472656,44589000.0
2024-01-26,PLTR,16.399999618530273,16.75,16.34000015258789,16.350000381469727,28612200.0
2024-01-29,PLTR,16.450000762939453,17.110000610351562,16.43000030517578,17.09000015258789,35987800.0
2024-01-30,PLTR,17.040000915527344,17.239999771118164,16.65999984741211,16.739999771118164,36388200.0
2024-01-31,PLTR,16.40999984741211,16.760000228881836,16.06999969482422,16.09000015258789,43582500.0
2024-02-01,PLTR,16.209999084472656,16.48699951171875,16.030000686645508,16.329999923706055,40454400.0
2024-02-02,PLTR,16.34000015258789,17.020000457763672,16.145000457763672,17.020000457763672,57672700.0
2024-02-05,PLTR,17.559999465942383,17.8700008392334,16.479999542236328,16.719999313354492,167698300.0
2024-02-06,PLTR,20.299999237060547,22.18000030517578,19.760000228881836,21.8700008392334,420501900.0
2024-02-07,PLTR,21.600000381469727,23.8700008392334,21.3799991607666,23.600000381469727,254911100.0
2024-02-08,PLTR,23.959999084472656,25.059999465942383,23.31999969482422,24.510000228881836,212671100.0
2024-02-09,PLTR,25.040000915527344,25.110000610351562,23.56999969482422,24.3799991607666,149062000.0
2024-02-12,PLTR,23.90999984741211,25.524999618530273,23.81999969482422,25.049999237060547,108173000.0
2024-02-13,PLTR,23.530000686645508,24.65999984741211,23.309999465942383,24.010000228881836,102293300.0
2024-02-14,PLTR,24.149999618530273,25.5,23.7549991607666,25.190000534057617,97227900.0
2024-02-15,PLTR,25.040000915527344,25.459999084472656,24.709999084472656,25.40999984741211,70544300.0
2024-02-16,PLTR,24.959999084472656,25.4950008392334,24.389999389648438,24.440000534057617,65498200.0
2024-02-20,PLTR,23.84000015258789,24.0,22.71500015258789,23.399999618530273,93374300.0
2024-02-21,PLTR,22.299999237060547,22.93000030517578,22.290000915527344,22.739999771118164,59628300.0
2024-02-22,PLTR,23.770000457763672,23.950000762939453,23.049999237060547,23.59000015258789,64458200.0
2024-02-23,PLTR,23.530000686645508,24.06999969482422,22.81999969482422,22.969999313354492,48840800.0
2024-02-26,PLTR,23.030000686645508,23.8799991607666,22.940000534057617,23.559999465942383,46499500.0
2024-02-27,PLTR,23.760000228881836,24.6200008392334,23.719999313354492,24.530000686645508,64967400.0
2024-02-28,PLTR,24.520000457763672,24.84000015258789,24.2450008392334,24.420000076293945,47314000.0
2024-02-29,PLTR,24.809999465942383,25.292999267578125,24.360000610351562,25.079999923706055,62753300.0
2024-03-01,PLTR,25.299999237060547,25.690000534057617,24.53499984741211,24.93000030517578,64794400.0
2024-03-04,PLTR,24.399999618530273,24.579999923706055,23.530000686645508,24.040000915527344,64320000.0
2024-03-05,PLTR,23.959999084472656,24.409000396728516,23.43000030517578,23.809999465942383,49542300.0
2024-03-06,PLTR,25.75,26.75,24.530000686645508,26.15999984741211,207386900.0
2024-03-07,PLTR,27.010000228881836,27.5,26.3799991607666,26.459999084472656,117519300.0
2024-03-08,PLTR,27.190000534057617,27.280000686645508,25.809999465942383,26.040000915527344,84256100.0
2024-03-11,PLTR,25.889999389648438,26.829999923706055,25.290000915527344,25.350000381469727,60829300.0
2024-03-12,PLTR,25.56999969482422,25.639999389648438,24.350000381469727,24.700000762939453,75202600.0
2024-03-13,PLTR,24.700000762939453,25.440000534057617,24.600000381469727,25.0,59713000.0
2024-03-14,PLTR,24.829999923706055,24.969999313354492,24.139999389648438,24.43000030517578,49214800.0
2024-03-15,PLTR,23.850000381469727,24.100000381469727,23.420000076293945,23.489999771118164,61421000.0
2024-03-18,PLTR,23.770000457763672,24.18000030517578,23.31999969482422,24.0,44083000.0
2024-03-19,PLTR,23.5,23.829999923706055,22.920000076293945,23.799999237060547,43247200.0
2024-03-20,PLTR,23.770000457763672,24.649999618530273,23.670000076293945,24.56999969482422,40273800.0
2024-03-21,PLTR,25.299999237060547,25.329999923706055,24.440000534057617,24.489999771118164,37099600.0
2024-03-22,PLTR,24.200000762939453,24.475000381469727,24.020000457763672,24.18000030517578,25453000.0
2024-03-25,PLTR,24.1200008392334,24.6200008392334,24.049999237060547,24.510000228881836,29255900.0
2024-03-26,PLTR,24.760000228881836,25.469999313354492,24.469999313354492,24.889999389648438,43610500.0
2024-03-27,PLTR,25.0,25.479999542236328,24.260000228881836,24.510000228881836,38600100.0
2024-03-28,PLTR,24.170000076293945,24.280000686645508,22.940000534057617,23.010000228881836,70008200.0
2024-04-01,PLTR,22.979999542236328,23.209999084472656,22.399999618530273,22.860000610351562,41000000.0
2024-04-02,PLTR,22.0,22.790000915527344,21.719999313354492,22.719999313354492,39770600.0
2024-04-03,PLTR,22.440000534057617,23.010000228881836,22.3799991607666,22.700000762939453,30357400.0
2024-04-04,PLTR,23.81999969482422,24.100000381469727,22.399999618530273,22.479999542236328,64995300.0
2024-04-05,PLTR,22.420000076293945,23.31999969482422,22.30699920654297,22.959999084472656,38716800.0
2024-04-08,PLTR,23.079999923706055,23.200000762939453,22.670000076293945,23.0,25022700.0
2024-04-09,PLTR,23.010000228881836,23.086999893188477,22.459999084472656,22.809999465942383,27643300.0
2024-04-10,PLTR,22.219999313354492,22.709999084472656,22.010000228881836,22.420000076293945,28642900.0
2024-04-11,PLTR,22.649999618530273,22.90999984741211,22.25,22.84000015258789,26399400.0
2024-04-12,PLTR,22.700000762939453,23.200000762939453,22.40999984741211,22.670000076293945,36764500.0
2024-04-15,PLTR,22.790000915527344,23.1299991607666,21.829999923706055,21.899999618530273,38182100.0
2024-04-16,PLTR,21.59000015258789,21.989999771118164,21.270000457763672,21.8799991607666,33869200.0
2024-04-17,PLTR,22.010000228881836,22.110000610351562,21.219999313354492,21.309999465942383,30139800.0
2024-04-18,PLTR,21.25,21.43000030517578,20.700000762939453,21.1299991607666,34550500.0
2024-04-19,PLTR,20.979999542236328,21.43000030517578,20.329999923706055,20.469999313354492,39632600.0
2024-04-22,PLTR,20.719999313354492,21.079999923706055,20.360000610351562,20.969999313354492,31894500.0
2024-04-23,PLTR,21.25,22.059999465942383,21.229999542236328,21.639999389648438,36304600.0
2024-04-24,PLTR,22.049999237060547,22.25,21.299999237060547,21.59000015258789,34426500.0
2024-04-25,PLTR,20.81999969482422,21.739999771118164,20.65999984741211,21.709999084472656,26226700.0
2024-04-26,PLTR,22.049999237060547,22.670000076293945,21.90999984741211,22.520000457763672,33119800.0
2024-04-29,PLTR,22.75,23.09000015258789,22.545000076293945,22.829999923706055,30104900.0
2024-04-30,PLTR,22.770000457763672,22.8700008392334,21.950000762939453,21.969999313354492,30511900.0
2024-05-01,PLTR,21.93000030517578,22.829999923706055,21.6299991607666,22.1200008392334,34665900.0
2024-05-02,PLTR,22.600000381469727,22.71500015258789,22.100000381469727,22.549999237060547,30396100.0
2024-05-03,PLTR,23.479999542236328,23.639999389648438,22.90999984741211,23.329999923706055,55976400.0
2024-05-06,PLTR,24.3700008392334,25.354999542236328,24.030000686645508,25.209999084472656,175936600.0
2024-05-07,PLTR,21.989999771118164,22.700000762939453,21.350000381469727,21.399999618530273,161061600.0
2024-05-08,PLTR,21.579999923706055,21.729999542236328,21.059999465942383,21.559999465942383,67582900.0
2024-05-09,PLTR,21.489999771118164,21.579999923706055,20.940000534057617,21.139999389648438,54101900.0
2024-05-10,PLTR,21.270000457763672,21.3700008392334,20.5,20.600000381469727,59845400.0
2024-05-13,PLTR,20.600000381469727,21.190000534057617,20.600000381469727,20.940000534057617,37524800.0
2024-05-14,PLTR,20.950000762939453,22.06999969482422,20.93000030517578,21.440000534057617,57894400.0
2024-05-15,PLTR,21.729999542236328,21.809999465942383,21.184999465942383,21.670000076293945,39424000.0
2024-05-16,PLTR,21.739999771118164,21.8700008392334,21.53499984741211,21.649999618530273,27416700.0
2024-05-17,PLTR,21.780000686645508,22.16900062561035,21.559999465942383,21.760000228881836,30032300.0
2024-05-20,PLTR,21.770000457763672,21.770000457763672,21.219999313354492,21.6200008392334,35255300.0
2024-05-21,PLTR,21.34000015258789,21.450000762939453,21.1200008392334,21.239999771118164,27954000.0
2024-05-22,PLTR,21.229999542236328,21.420000076293945,21.079999923706055,21.170000076293945,25212500.0
2024-05-23,PLTR,21.389999389648438,21.520000457763672,20.6299991607666,20.719999313354492,36887600.0
2024-05-24,PLTR,20.719999313354492,21.149999618530273,20.649999618530273,21.010000228881836,22158700.0
2024-05-28,PLTR,21.059999465942383,21.219999313354492,20.729999542236328,21.049999237060547,26274200.0
2024-05-29,PLTR,20.770000457763672,20.989999771118164,20.639999389648438,20.940000534057617,24834200.0
2024-05-30,PLTR,21.280000686645508,21.959999084472656,21.020000457763672,21.729999542236328,47210300.0
2024-05-31,PLTR,21.790000915527344,22.200000762939453,21.309999465942383,21.68000030517578,44416100.0
2024-06-03,PLTR,21.700000762939453,21.790000915527344,21.0049991607666,21.31999969482422,33876100.0
2024-06-04,PLTR,21.049999237060547,22.260000228881836,21.040000915527344,22.100000381469727,41974000.0
2024-06-05,PLTR,22.479999542236328,22.979999542236328,22.219999313354492,22.959999084472656,39825400.0
2024-06-06,PLTR,22.979999542236328,23.950000762939453,22.979999542236328,23.790000915527344,60400400.0
2024-06-07,PLTR,23.239999771118164,23.56999969482422,23.059999465942383,23.309999465942383,37149900.0
2024-06-10,PLTR,22.75,23.15999984741211,22.65999984741211,23.1299991607666,31429200.0
2024-06-11,PLTR,23.059999465942383,23.950000762939453,22.889999389648438,23.850000381469727,30601900.0
2024-06-12,PLTR,24.200000762939453,24.329999923706055,23.56999969482422,23.770000457763672,38542700.0
2024-06-13,PLTR,23.850000381469727,24.139999389648438,23.149999618530273,23.270000457763672,26035100.0
2024-06-14,PLTR,23.149999618530273,23.719999313354492,22.84000015258789,23.56999969482422,26618300.0
2024-06-17,PLTR,23.469999313354492,25.059999465942383,23.450000762939453,25.020000457763672,54101500.0
2024-06-18,PLTR,25.149999618530273,26.024999618530273,24.829999923706055,25.81999969482422,54458600.0
2024-06-20,PLTR,26.440000534057617,26.56999969482422,25.155000686645508,25.559999465942383,66735000.0
2024-06-21,PLTR,24.709999084472656,26.09000015258789,23.530000686645508,23.84000015258789,68605900.0
2024-06-24,PLTR,23.440000534057617,24.386999130249023,23.299999237060547,24.15999984741211,36477400.0
2024-06-25,PLTR,24.15999984741211,24.6299991607666,23.920000076293945,24.559999465942383,29389400.0
2024-06-26,PLTR,24.469999313354492,24.65999984741211,24.024999618530273,24.100000381469727,24331400.0
2024-06-27,PLTR,24.100000381469727,25.399999618530273,24.049999237060547,25.219999313354492,37882900.0
2024-06-28,PLTR,25.280000686645508,25.56999969482422,25.030000686645508,25.329999923706055,38886400.0
2024-07-01,PLTR,25.479999542236328,26.020000457763672,25.142000198364258,25.8799991607666,33167900.0
2024-07-02,PLTR,25.84000015258789,26.43000030517578,25.75,25.829999923706055,32148200.0
2024-07-03,PLTR,25.959999084472656,26.270000457763672,25.760000228881836,25.850000381469727,18433800.0
2024-07-05,PLTR,26.0,27.25,25.975000381469727,27.229999542236328,46703700.0
2024-07-08,PLTR,27.93000030517578,27.986000061035156,26.84000015258789,27.700000762939453,59611200.0
2024-07-09,PLTR,27.93000030517578,28.3799991607666,27.229999542236328,27.389999389648438,53067100.0
2024-07-10,PLTR,27.5,28.469999313354492,27.3700008392334,28.420000076293945,43231000.0
2024-07-11,PLTR,28.489999771118164,28.59000015258789,26.899999618530273,27.639999389648438,61546100.0
2024-07-12,PLTR,27.31999969482422,28.1299991607666,27.280000686645508,28.06999969482422,30760300.0
2024-07-15,PLTR,28.420000076293945,29.299999237060547,27.899999618530273,28.670000076293945,49186300.0
2024-07-16,PLTR,28.18000030517578,28.84000015258789,27.469999313354492,28.670000076293945,59330700.0
2024-07-17,PLTR,28.0,28.8700008392334,27.600000381469727,28.219999313354492,45203500.0
2024-07-18,PLTR,28.420000076293945,29.829999923706055,28.149999618530273,28.639999389648438,76485600.0
2024-07-19,PLTR,28.309999465942383,29.600000381469727,28.270000457763672,28.579999923706055,49581600.0
2024-07-22,PLTR,28.93000030517578,28.969999313354492,27.690000534057617,28.459999084472656,38037800.0
2024-07-23,PLTR,28.34000015258789,29.190000534057617,28.309999465942383,28.809999465942383,31134300.0
2024-07-24,PLTR,28.440000534057617,28.684999465942383,26.579999923706055,26.600000381469727,49004100.0
2024-07-25,PLTR,26.040000915527344,27.288000106811523,25.420000076293945,26.6299991607666,45474600.0
2024-07-26,PLTR,27.0,27.34000015258789,26.770000457763672,27.18000030517578,27432200.0
2024-07-29,PLTR,27.559999465942383,27.799999237060547,26.729999542236328,27.079999923706055,26038800.0
2024-07-30,PLTR,27.25,27.440000534057617,25.889999389648438,26.3700008392334,31819900.0
2024-07-31,PLTR,27.020000457763672,27.389999389648438,26.8799991607666,26.889999389648438,29111600.0
2024-08-01,PLTR,27.020000457763672,27.53499984741211,25.829999923706055,26.079999923706055,31189600.0
2024-08-02,PLTR,24.75,24.8700008392334,23.75,24.739999771118164,56092600.0
2024-08-05,PLTR,21.739999771118164,24.420000076293945,21.229999542236328,24.09000015258789,88023500.0
2024-08-06,PLTR,27.049999237060547,27.420000076293945,25.56999969482422,26.59000015258789,99622700.0
2024-08-07,PLTR,27.06999969482422,28.360000610351562,26.239999771118164,26.31999969482422,75975400.0
2024-08-08,PLTR,27.040000915527344,29.375,26.690000534057617,29.280000686645508,96892900.0
2024-08-09,PLTR,29.280000686645508,30.360000610351562,29.100000381469727,30.010000228881836,88131100.0
2024-08-12,PLTR,30.219999313354492,31.200000762939453,29.270000457763672,29.3799991607666,67890300.0
2024-08-13,PLTR,29.788999557495117,30.850000381469727,29.559999465942383,30.389999389648438,57294200.0
2024-08-14,PLTR,30.6200008392334,31.3700008392334,30.329999923706055,31.0,49885600.0
2024-08-15,PLTR,31.309999465942383,31.4950008392334,30.829999923706055,31.219999313354492,43407600.0
2024-08-16,PLTR,31.040000915527344,32.75,30.979999542236328,32.08000183105469,64870600.0
2024-08-19,PLTR,32.41999816894531,32.59000015258789,31.81399917602539,32.5,52353600.0
2024-08-20,PLTR,32.5,32.720001220703125,31.6299991607666,32.31999969482422,40783000.0
2024-08-21,PLTR,32.31999969482422,32.66999816894531,31.969999313354492,32.540000915527344,38147600.0
2024-08-22,PLTR,32.54999923706055,33.125,31.850000381469727,31.920000076293945,43522200.0
2024-08-23,PLTR,31.989999771118164,32.54999923706055,31.621999740600586,31.780000686645508,34121200.0
2024-08-26,PLTR,31.43000030517578,31.739999771118164,30.790000915527344,30.850000381469727,35283600.0
2024-08-27,PLTR,30.549999237060547,31.1200008392334,30.3799991607666,30.84000015258789,23541300.0
2024-08-28,PLTR,30.6200008392334,30.799999237060547,29.75,30.360000610351562,33961400.0
2024-08-29,PLTR,30.649999618530273,31.81999969482422,30.483999252319336,31.0,39733000.0
2024-08-30,PLTR,31.049999237060547,31.5,30.700000762939453,31.479999542236328,42388000.0
2024-09-03,PLTR,31.350000381469727,31.589000701904297,30.165000915527344,30.510000228881836,34531600.0
2024-09-04,PLTR,30.0,30.850000381469727,29.309999465942383,30.59000015258789,33419500.0
2024-09-05,PLTR,30.239999771118164,30.739999771118164,30.010000228881836,30.15999984741211,24012300.0
2024-09-06,PLTR,30.600000381469727,31.040000915527344,29.5,30.329999923706055,50946800.0
2024-09-09,PLTR,32.70000076293945,34.70000076293945,32.470001220703125,34.599998474121094,140582500.0
2024-09-10,PLTR,34.810001373291016,35.20000076293945,33.709999084472656,34.7599983215332,91721000.0
2024-09-11,PLTR,34.0099983215332,34.869998931884766,33.619998931884766,34.849998474121094,68302300.0
2024-09-12,PLTR,34.86000061035156,35.400001525878906,34.53099822998047,34.90999984741211,54291900.0
2024-09-13,PLTR,34.970001220703125,36.0099983215332,34.88999938964844,35.59000015258789,49727200.0
2024-09-16,PLTR,35.779998779296875,36.91999816894531,35.560001373291016,36.310001373291016,74767300.0
2024-09-17,PLTR,37.0,37.04999923706055,35.869998931884766,36.45000076293945,64461800.0
2024-09-18,PLTR,35.900001525878906,37.11000061035156,35.87099838256836,36.380001068115234,66279800.0
2024-09-19,PLTR,37.0,37.349998474121094,36.20000076293945,36.83000183105469,59882000.0
2024-09-20,PLTR,36.0099983215332,37.290000915527344,35.709999084472656,37.20000076293945,450290500.0
2024-09-23,PLTR,36.86000061035156,38.189998626708984,36.56999969482422,37.95000076293945,79460700.0
2024-09-24,PLTR,37.970001220703125,37.97999954223633,36.43000030517578,36.900001525878906,79519200.0
2024-09-25,PLTR,36.88999938964844,37.18000030517578,36.382999420166016,37.119998931884766,46511700.0
2024-09-26,PLTR,37.2599983215332,37.439998626708984,36.599998474121094,37.099998474121094,48602000.0
2024-09-27,PLTR,36.90999984741211,37.470001220703125,36.59000015258789,36.84000015258789,43219100.0
2024-09-30,PLTR,36.58000183105469,37.31999969482422,36.150001525878906,37.20000076293945,42110200.0
2024-10-01,PLTR,37.209999084472656,37.560001373291016,36.04999923706055,36.459999084472656,52858000.0
2024-10-02,PLTR,36.29999923706055,37.68000030517578,36.14500045776367,37.4900016784668,34988900.0
2024-10-03,PLTR,37.45000076293945,39.290000915527344,37.369998931884766,39.2400016784668,57196400.0
2024-10-04,PLTR,39.650001525878906,40.290000915527344,39.400001525878906,40.0099983215332,62532500.0
2024-10-07,PLTR,39.900001525878906,40.150001525878906,38.775001525878906,38.88999938964844,44124800.0
2024-10-08,PLTR,39.290000915527344,41.4900016784668,39.01499938964844,41.45000076293945,62542900.0
2024-10-09,PLTR,41.54999923706055,43.34000015258789,41.209999084472656,43.130001068115234,86404700.0
2024-10-10,PLTR,42.91999816894531,43.87799835205078,42.40999984741211,43.52000045776367,62516300.0
2024-10-11,PLTR,43.400001525878906,44.380001068115234,42.619998931884766,43.5099983215332,66206900.0
2024-10-14,PLTR,43.720001220703125,44.38999938964844,43.279998779296875,43.400001525878906,41010900.0
2024-10-15,PLTR,43.474998474121094,43.68000030517578,41.51499938964844,42.43000030517578,48297000.0
2024-10-16,PLTR,42.400001525878906,42.4900016784668,40.36000061035156,41.93000030517578,59157900.0
2024-10-17,PLTR,42.150001525878906,42.70000076293945,41.61000061035156,42.0,34028400.0
2024-10-18,PLTR,42.01499938964844,42.9900016784668,41.650001525878906,42.970001220703125,33969000.0
2024-10-21,PLTR,42.86000061035156,43.400001525878906,42.40999984741211,42.70000076293945,30719800.0
2024-10-22,PLTR,42.689998626708984,43.4900016784668,42.29999923706055,42.939998626708984,27830700.0
2024-10-23,PLTR,42.849998474121094,43.68000030517578,42.05500030517578,42.59000015258789,35647000.0
2024-10-24,PLTR,42.88999938964844,43.72999954223633,42.65999984741211,43.560001373291016,34079600.0
2024-10-25,PLTR,43.849998474121094,45.06999969482422,43.64500045776367,44.86000061035156,50416500.0
2024-10-28,PLTR,45.04999923706055,45.13999938964844,44.68000030517578,44.970001220703125,36729700.0
2024-10-29,PLTR,44.900001525878906,45.06999969482422,44.040000915527344,44.93000030517578,26154700.0
2024-10-30,PLTR,44.58000183105469,44.79999923706055,43.61000061035156,43.689998626708984,31309200.0
2024-10-31,PLTR,42.790000915527344,43.31999969482422,40.900001525878906,41.560001373291016,50973400.0
2024-11-01,PLTR,41.93000030517578,42.56999969482422,41.59000015258789,41.91999816894531,33722500.0
2024-11-04,PLTR,41.08000183105469,42.040000915527344,41.03200149536133,41.40999984741211,75413300.0
2024-11-05,PLTR,47.86000061035156,51.57500076293945,46.86000061035156,51.130001068115234,208868200.0
2024-11-06,PLTR,53.439998626708984,55.689998626708984,51.61000061035156,55.529998779296875,114255900.0
2024-11-07,PLTR,55.81999969482422,56.470001220703125,53.54999923706055,55.880001068115234,121591200.0
2024-11-08,PLTR,55.56999969482422,58.47999954223633,55.29999923706055,58.38999938964844,84124000.0
2024-11-11,PLTR,60.132999420166016,62.08000183105469,58.689998626708984,60.2400016784668,108357800.0
2024-11-12,PLTR,59.0099983215332,60.09000015258789,58.56999969482422,59.849998474121094,59061300.0
2024-11-13,PLTR,61.52000045776367,63.38999938964844,59.849998474121094,60.70000076293945,85937400.0
2024-11-14,PLTR,61.04999923706055,61.16999816894531,58.529998779296875,59.18000030517578,59968200.0
2024-11-15,PLTR,61.0099983215332,66.0,60.90999984741211,65.7699966430664,155280400.0
2024-11-18,PLTR,64.91999816894531,64.91999816894531,58.849998474121094,61.2599983215332,136663100.0
2024-11-19,PLTR,59.5099983215332,63.0099983215332,59.26499938964844,62.97999954223633,75557800.0
2024-11-20,PLTR,62.59000015258789,63.08000183105469,59.959999084472656,62.119998931884766,59182200.0
2024-11-21,PLTR,62.040000915527344,63.400001525878906,60.89500045776367,61.36000061035156,56336700.0
2024-11-22,PLTR,61.599998474121094,64.44000244140625,61.369998931884766,64.3499984741211,61381700.0
2024-11-25,PLTR,66.9000015258789,67.87999725341797,64.08000183105469,64.6500015258789,80640500.0
2024-11-26,PLTR,64.56999969482422,65.8499984741211,63.88999938964844,65.73999786376953,46923600.0
2024-11-27,PLTR,66.23999786376953,67.55999755859375,64.23999786376953,66.05000305175781,53839900.0
2024-11-29,PLTR,65.88999938964844,67.16000366210938,65.47000122070312,67.08000183105469,30104000.0
2024-12-02,PLTR,67.44000244140625,67.87999725341797,65.95999908447266,66.38999938964844,46405000.0
2024-12-03,PLTR,66.41000366210938,71.37000274658203,66.1500015258789,70.95999908447266,100751400.0
2024-12-04,PLTR,71.12999725341797,71.18000030517578,67.27999877929688,69.8499984741211,86284800.0
2024-12-05,PLTR,70.11000061035156,72.9800033569336,69.88999938964844,71.87000274658203,66585800.0
2024-12-06,PLTR,72.94999694824219,76.81999969482422,72.27999877929688,76.33999633789062,93640900.0
2024-12-09,PLTR,80.58000183105469,80.91000366210938,71.05000305175781,72.45999908447266,168134800.0
2024-12-10,PLTR,71.98999786376953,75.55999755859375,70.7300033569336,70.88999938964844,89672500.0
2024-12-11,PLTR,72.9800033569336,73.0,68.06999969482422,72.51000213623047,89477700.0
2024-12-12,PLTR,72.30000305175781,75.37999725341797,71.9000015258789,73.19999694824219,73859700.0
2024-12-13,PLTR,73.48999786376953,76.0999984741211,72.44999694824219,76.06999969482422,76172800.0
2024-12-16,PLTR,75.05999755859375,77.81999969482422,71.16000366210938,75.75,126099600.0
2024-12-17,PLTR,73.27999877929688,75.31999969482422,71.69999694824219,74.38999938964844,75469400.0
2024-12-18,PLTR,74.30000305175781,77.5999984741211,70.2699966430664,71.51000213623047,109643400.0
2024-12-19,PLTR,73.98999786376953,76.58999633789062,73.37000274658203,74.20999908447266,99524300.0
2024-12-20,PLTR,72.63999938964844,80.66000366210938,71.5,80.55000305175781,281230800.0
2024-12-23,PLTR,80.6500015258789,82.0199966430664,77.41000366210938,80.69000244140625,93819500.0
2024-12-24,PLTR,81.08999633789062,84.7969970703125,81.0,82.37999725341797,64983300.0
2024-12-26,PLTR,83.16000366210938,83.48999786376953,81.30000305175781,82.13999938964844,60377100.0
2024-12-27,PLTR,81.41999816894531,82.0,77.93000030517578,79.08000183105469,66975900.0
2024-12-30,PLTR,77.04000091552734,79.23999786376953,76.11000061035156,77.18000030517578,60850900.0
2024-12-31,PLTR,77.58000183105469,77.9800033569336,73.6500015258789,75.62999725341797,56267900.0
2025-01-02,PLTR,76.19999694824219,76.52999877929688,72.41999816894531,75.19000244140625,72217200.0
2025-01-03,PLTR,75.38999938964844,79.9800033569336,75.19000244140625,79.88999938964844,62415000.0
2025-01-06,PLTR,78.69000244140625,80.05999755859375,74.61000061035156,75.91999816894531,105619500.0
2025-01-07,PLTR,75.19999694824219,75.38999938964844,69.75,69.98999786376953,91727300.0
2025-01-08,PLTR,68.12000274658203,69.52999877929688,66.51000213623047,68.2300033569336,91349500.0
2025-01-10,PLTR,66.01000213623047,68.19999694824219,65.04000091552734,67.26000213623047,78148600.0
2025-01-13,PLTR,64.29000091552734,65.68000030517578,63.400001525878906,64.9800033569336,69046300.0
2025-01-14,PLTR,67.18000030517578,68.2300033569336,65.19000244140625,65.91000366210938,56814900.0
2025-01-15,PLTR,68.55000305175781,68.8499984741211,67.08000183105469,68.13999938964844,56025800.0
2025-01-16,PLTR,69.08000183105469,71.43000030517578,68.36000061035156,69.23999786376953,62908700.0
2025-01-17,PLTR,70.9000015258789,72.33999633789062,69.94999694824219,71.7699966430664,54754000.0
2025-01-21,PLTR,73.23999786376953,73.63600158691406,70.60099792480469,73.06999969482422,56229000.0
2025-01-22,PLTR,74.5,77.16000366210938,73.80000305175781,76.87000274658203,66876400.0
2025-01-23,PLTR,76.04000091552734,79.0,75.83999633789062,78.9800033569336,55937900.0
2025-01-24,PLTR,79.05000305175781,82.23999786376953,78.44000244140625,78.9800033569336,77931900.0
2025-01-27,PLTR,74.06999969482422,76.72000122070312,72.66999816894531,75.44000244140625,76093300.0
2025-01-28,PLTR,75.54000091552734,80.73999786376953,74.04000091552734,80.2300033569336,65916700.0
2025-01-29,PLTR,79.94999694824219,80.81999969482422,77.80999755859375,79.76000213623047,49262200.0
2025-01-30,PLTR,80.0199966430664,81.83000183105469,79.37999725341797,81.22000122070312,46067500.0
2025-01-31,PLTR,81.0,85.22000122070312,80.87000274658203,82.48999786376953,78731000.0
2025-02-03,PLTR,80.125,84.25,78.47000122070312,83.73999786376953,126592700.0
2025-02-04,PLTR,102.80000305175781,106.91000366210938,100.51000213623047,103.83000183105469,230806800.0
2025-02-05,PLTR,101.77999877929688,103.56999969482422,99.31999969482422,101.36000061035156,90628300.0
2025-02-06,PLTR,101.08999633789062,111.54499816894531,100.26000213623047,111.27999877929688,128217500.0
2025-02-07,PLTR,111.66000366210938,116.30000305175781,110.44999694824219,110.8499984741211,143795400.0
2025-02-10,PLTR,112.02999877929688,116.76000213623047,108.72000122070312,116.6500015258789,99938100.0
2025-02-11,PLTR,116.5,118.66000366210938,112.0999984741211,112.62000274658203,94311700.0
2025-02-12,PLTR,110.29000091552734,117.58999633789062,110.0,117.38999938964844,75316900.0
2025-02-13,PLTR,117.30999755859375,118.38999938964844,115.1500015258789,117.91000366210938,60027000.0
2025-02-14,PLTR,117.9000015258789,120.66999816894531,116.80000305175781,119.16000366210938,65528900.0
2025-02-18,PLTR,120.94000244140625,125.0,118.43000030517578,124.62000274658203,84227200.0
2025-02-19,PLTR,123.86000061035156,125.41000366210938,108.55999755859375,112.05999755859375,147487300.0
2025-02-20,PLTR,102.91000366210938,107.4000015258789,95.80000305175781,106.2699966430664,243093900.0
2025-02-21,PLTR,107.68000030517578,109.06999969482422,100.0,101.3499984741211,129063200.0
2025-02-24,PLTR,95.87999725341797,99.01000213623047,89.30000305175781,90.68000030517578,184485000.0
2025-02-25,PLTR,90.6500015258789,91.69999694824219,85.25,87.83999633789062,132626300.0
2025-02-26,PLTR,89.16000366210938,91.69000244140625,87.58999633789062,89.30999755859375,94428700.0
2025-02-27,PLTR,91.91000366210938,93.62000274658203,84.16999816894531,84.7699966430664,99680500.0
2025-02-28,PLTR,79.9800033569336,85.18000030517578,78.58000183105469,84.91999816894531,125977400.0
2025-03-03,PLTR,88.55000305175781,90.4800033569336,82.52999877929688,83.41999816894531,114573900.0
2025-03-04,PLTR,80.16000366210938,88.5,79.30000305175781,84.4000015258789,116800300.0
2025-03-05,PLTR,86.3499984741211,90.30000305175781,82.5,90.12999725341797,116053000.0
2025-03-06,PLTR,87.50499725341797,88.33999633789062,80.01000213623047,80.45999908447266,117340600.0
2025-03-07,PLTR,80.0250015258789,85.16000366210938,79.1500015258789,84.91000366210938,105377100.0
2025-03-10,PLTR,82.0,82.69000244140625,74.56999969482422,76.37999725341797,136843800.0
2025-03-11,PLTR,75.78500366210938,80.74500274658203,75.52999877929688,78.05000305175781,109351500.0
2025-03-12,PLTR,83.4800033569336,84.55000305175781,79.86000061035156,83.6500015258789,116525100.0
2025-03-13,PLTR,82.84500122070312,83.73999786376953,78.31999969482422,79.62000274658203,100927200.0
2025-03-14,PLTR,82.97000122070312,87.2699966430664,82.16000366210938,86.23999786376953,113985000.0
2025-03-17,PLTR,88.44000244140625,88.81999969482422,84.5,87.3499984741211,99348900.0
2025-03-18,PLTR,85.77999877929688,86.16999816894531,81.80000305175781,83.88999938964844,93236500.0
2025-03-19,PLTR,84.55000305175781,87.98999786376953,82.86000061035156,86.0999984741211,89797400.0
2025-03-20,PLTR,85.54000091552734,89.80000305175781,85.12000274658203,87.38999938964844,105547400.0
2025-03-21,PLTR,85.8499984741211,91.06999969482422,84.45999908447266,90.95999908447266,116748700.0
2025-03-24,PLTR,93.4000015258789,97.38999938964844,92.27999877929688,96.75,112164700.0
2025-03-25,PLTR,97.22000122070312,98.16999816894531,95.08000183105469,96.5,78015300.0
2025-03-26,PLTR,96.29000091552734,97.30000305175781,90.81999969482422,92.27999877929688,81428600.0
2025-03-27,PLTR,91.01499938964844,93.6500015258789,89.66999816894531,90.08999633789062,82823000.0
2025-03-28,PLTR,89.33999633789062,89.37999725341797,84.0999984741211,85.8499984741211,91091700.0
2025-03-31,PLTR,80.0,84.6500015258789,78.75,84.4000015258789,108092900.0
2025-04-01,PLTR,83.88999938964844,85.27999877929688,81.81999969482422,84.68000030517578,78980700.0
2025-04-02,PLTR,82.4000015258789,88.40499877929688,82.30000305175781,87.44999694824219,96563100.0
2025-04-03,PLTR,81.25,85.68000030517578,81.01000213623047,83.5999984741211,93878200.0
2025-04-04,PLTR,80.06999969482422,80.9800033569336,71.93000030517578,74.01000213623047,147323200.0
2025-04-07,PLTR,66.6500015258789,81.80000305175781,66.12000274658203,77.83999633789062,169083700.0
2025-04-08,PLTR,83.29000091552734,86.11399841308594,75.22000122070312,77.31999969482422,135345600.0
2025-04-09,PLTR,78.19000244140625,93.33000183105469,77.2699966430664,92.01000213623047,187244300.0
2025-04-10,PLTR,88.4000015258789,90.77999877929688,84.13999938964844,88.58999633789062,124448200.0
2025-04-11,PLTR,87.9800033569336,89.55000305175781,85.47000122070312,88.55000305175781,95130700.0
2025-04-14,PLTR,95.80000305175781,97.33000183105469,91.45999908447266,92.62000274658203,122836900.0
2025-04-15,PLTR,93.52999877929688,98.98999786376953,93.05000305175781,98.4000015258789,118457700.0
2025-04-16,PLTR,96.27999877929688,97.30000305175781,89.62000274658203,92.70999908447266,121997600.0
2025-04-17,PLTR,94.70999908447266,95.11000061035156,92.2699966430664,93.77999877929688,83991800.0
2025-04-21,PLTR,92.83999633789062,96.4749984741211,89.30999755859375,90.80000305175781,83831100.0
2025-04-22,PLTR,93.01499938964844,96.33999633789062,91.3499984741211,93.98999786376953,91185400.0
2025-04-23,PLTR,98.86000061035156,103.76000213623047,97.83000183105469,100.81999969482422,112909500.0
2025-04-24,PLTR,101.52999877929688,108.0,100.91000366210938,107.77999877929688,103190700.0
2025-04-25,PLTR,108.05000305175781,112.87999725341797,106.55000305175781,112.77999877929688,103933800.0
2025-04-28,PLTR,113.77999877929688,114.86000061035156,108.87000274658203,114.6500015258789,111082900.0
2025-04-29,PLTR,113.9800033569336,117.2300033569336,113.23999786376953,116.08000183105469,79709000.0
2025-04-30,PLTR,111.61000061035156,118.77999877929688,110.54000091552734,118.44000244140625,109461700.0
2025-05-01,PLTR,120.04000091552734,120.19000244140625,116.0,116.19999694824219,90677600.0
2025-05-02,PLTR,118.66000366210938,124.41999816894531,118.62999725341797,124.27999877929688,103094300.0
2025-05-05,PLTR,123.69999694824219,125.25499725341797,121.36000061035156,123.7699966430664,135961300.0
2025-05-06,PLTR,112.70999908447266,113.91000366210938,105.31999969482422,108.86000061035156,201193400.0
2025-05-07,PLTR,107.97000122070312,111.8499984741211,107.0,110.4800033569336,95428800.0
2025-05-08,PLTR,112.27999877929688,120.37999725341797,112.06999969482422,119.1500015258789,126966200.0
2025-05-09,PLTR,118.97000122070312,119.16000366210938,114.9000015258789,117.30000305175781,81005300.0
2025-05-12,PLTR,120.77999877929688,120.93499755859375,115.01000213623047,118.45999908447266,94257300.0
2025-05-13,PLTR,119.91999816894531,130.60000610351562,119.30999755859375,128.10000610351562,147155400.0
2025-05-14,PLTR,129.00999450683594,133.49000549316406,127.55899810791016,130.17999267578125,96611500.0
2025-05-15,PLTR,128.3699951171875,130.1999969482422,125.73999786376953,128.1199951171875,69503000.0
2025-05-16,PLTR,129.22999572753906,130.3300018310547,126.76000213623047,129.52000427246094,57003700.0
2025-05-19,PLTR,124.71499633789062,127.7699966430664,124.31999969482422,126.33000183105469,72503900.0
2025-05-20,PLTR,127.22000122070312,128.1999969482422,124.6500015258789,125.58999633789062,61265300.0
2025-05-21,PLTR,125.16000366210938,127.11000061035156,119.41000366210938,120.58000183105469,80657700.0
2025-05-22,PLTR,121.94999694824219,126.33000183105469,121.375,122.29000091552734,75498300.0
2025-05-23,PLTR,120.87999725341797,125.54000091552734,120.68000030517578,123.30999755859375,65905800.0
2025-05-27,PLTR,126.81999969482422,127.87999725341797,120.87999725341797,123.38999938964844,86455200.0
2025-05-28,PLTR,124.2300033569336,125.6500015258789,122.91000366210938,123.76000213623047,64866000.0
2025-05-29,PLTR,125.3499984741211,126.47000122070312,121.52999877929688,122.31999969482422,62929100.0
2025-05-30,PLTR,123.52999877929688,131.94000244140625,122.75,131.77999877929688,185897600.0
2025-06-02,PLTR,131.43499755859375,134.47999572753906,128.86000061035156,132.0399932861328,93218700.0
2025-06-03,PLTR,133.07000732421875,135.27999877929688,130.10000610351562,133.1699981689453,91297700.0
2025-06-04,PLTR,132.8000030517578,132.9499969482422,125.58000183105469,130.00999450683594,97306300.0
2025-06-05,PLTR,129.27000427246094,132.85000610351562,118.93000030517578,119.91000366210938,131055900.0
2025-06-06,PLTR,123.7300033569336,128.1300048828125,121.91999816894531,127.72000122070312,87175100.0
2025-06-09,PLTR,127.07499694824219,132.22999572753906,124.80000305175781,132.05999755859375,74785600.0
2025-06-10,PLTR,131.02000427246094,134.07000732421875,129.41000366210938,132.80999755859375,69308900.0
2025-06-11,PLTR,133.9199981689453,140.0,132.99000549316406,136.38999938964844,97366000.0
2025-06-12,PLTR,136.39999389648438,137.10000610351562,134.6300048828125,135.19000244140625,56248200.0
2025-06-13,PLTR,133.81500244140625,139.99000549316406,133.35000610351562,137.39999389648438,93519000.0
2025-06-16,PLTR,140.02999877929688,144.86000061035156,139.81199645996094,141.41000366210938,80779800.0
2025-06-17,PLTR,141.48500061035156,141.69000244140625,136.0800018310547,138.1999969482422,70479100.0
2025-06-18,PLTR,139.0399932861328,140.36000061035156,137.49000549316406,139.9600067138672,58260200.0
2025-06-20,PLTR,140.69000244140625,142.24000549316406,136.74200439453125,137.3000030517578,87067000.0
2025-06-23,PLTR,138.89999389648438,142.14999389648438,135.9600067138672,139.9199981689453,70501100.0
2025-06-24,PLTR,140.97999572753906,143.66000366210938,137.8000030517578,143.22999572753906,58574200.0
2025-06-25,PLTR,144.49000549316406,147.6699981689453,141.52999877929688,142.89999389648438,61435300.0
2025-06-26,PLTR,144.85000610351562,148.21499633789062,142.91000366210938,144.25,69440500.0
2025-06-27,PLTR,144.8699951171875,144.97000122070312,130.5399932861328,130.74000549316406,202598600.0
2025-06-30,PLTR,137.7899932861328,138.875,134.8000030517578,136.32000732421875,97305600.0
2025-07-01,PLTR,135.27000427246094,136.32000732421875,128.50999450683594,130.67999267578125,91479700.0
2025-07-02,PLTR,131.47000122070312,133.60000610351562,130.19000244140625,132.1199951171875,59732000.0
2025-07-03,PLTR,134.36000061035156,135.6199951171875,132.50999450683594,134.36000061035156,41812500.0
2025-07-07,PLTR,134.3800048828125,139.2899932861328,132.32000732421875,139.1199951171875,71959700.0
2025-07-08,PLTR,138.77499389648438,139.85499572753906,135.7899932861328,139.7100067138672,59834800.0
2025-07-09,PLTR,139.65499877929688,143.1699981689453,137.38999938964844,143.1300048828125,68494800.0
2025-07-10,PLTR,143.30999755859375,145.16000366210938,139.52999877929688,142.5,64383900.0
2025-07-11,PLTR,142.11000061035156,144.5800018310547,141.47000122070312,142.10000610351562,52134800.0
2025-07-14,PLTR,142.72000122070312,149.5749969482422,142.22000122070312,149.14999389648438,81774400.0
2025-07-15,PLTR,148.92999267578125,150.6199951171875,147.36000061035156,148.5800018310547,59126200.0
2025-07-16,PLTR,149.3000030517578,151.50999450683594,147.6739959716797,150.91000366210938,57550300.0
2025-07-17,PLTR,151.55999755859375,155.67999267578125,150.82000732421875,153.99000549316406,60165500.0
2025-07-18,PLTR,154.86000061035156,154.9199981689453,151.89999389648438,153.52000427246094,45771600.0
2025-07-21,PLTR,153.8800048828125,155.44000244140625,151.36000061035156,151.7899932861328,45072800.0
2025-07-22,PLTR,150.85000610351562,151.7899932861328,145.06199645996094,149.07000732421875,49880800.0
2025-07-23,PLTR,149.74000549316406,155.0,148.28700256347656,154.6300048828125,48062000.0
2025-07-24,PLTR,153.97999572753906,155.6300048828125,152.5749969482422,154.86000061035156,38925700.0
2025-07-25,PLTR,155.6300048828125,160.38999938964844,155.5800018310547,158.8000030517578,57972300.0
2025-07-28,PLTR,159.8800048828125,160.27999877929688,153.0399932861328,157.8800048828125,63886900.0
2025-07-29,PLTR,158.71499633789062,160.13999938964844,154.91000366210938,156.24000549316406,42427200.0
2025-07-30,PLTR,157.36500549316406,159.3800048828125,156.55999755859375,158.61000061035156,40261700.0
2025-07-31,PLTR,159.99000549316406,160.88999938964844,156.72999572753906,158.35000610351562,45342600.0
2025-08-01,PLTR,155.0500030517578,158.19000244140625,151.05799865722656,154.27000427246094,61287000.0
2025-08-04,PLTR,158.52999877929688,161.39999389648438,157.92999267578125,160.66000366210938,82993600.0
2025-08-05,PLTR,171.80999755859375,176.3300018310547,169.22000122070312,173.27000427246094,130917500.0
2025-08-06,PLTR,171.1750030517578,180.58099365234375,171.00999450683594,179.5399932861328,82924800.0
2025-08-07,PLTR,181.00999450683594,184.47999572753906,178.1699981689453,182.1999969482422,77829200.0
2025-08-08,PLTR,184.73500061035156,187.99000549316406,184.41000366210938,186.9600067138672,62657900.0
2025-08-11,PLTR,186.47000122070312,187.17999267578125,181.9199981689453,182.67999267578125,56125600.0
2025-08-12,PLTR,184.6999969482422,190.0,182.10000610351562,186.97000122070312,54819000.0
2025-08-13,PLTR,189.0,189.4600067138672,183.58999633789062,184.3699951171875,53610000.0
2025-08-14,PLTR,182.41000366210938,185.3300018310547,179.1999969482422,181.02000427246094,53472900.0
2025-08-15,PLTR,179.72500610351562,180.0,173.3800048828125,177.1699981689453,60288700.0
2025-08-18,PLTR,175.27000427246094,177.89999389648438,171.38999938964844,174.02999877929688,62656600.0
2025-08-19,PLTR,171.36000061035156,172.3000030517578,156.89999389648438,157.75,137922700.0
2025-08-20,PLTR,152.3000030517578,156.4600067138672,142.33999633789062,156.00999450683594,220336400.0
2025-08-21,PLTR,157.1699981689453,157.97000122070312,153.80999755859375,156.17999267578125,94678600.0
2025-08-22,PLTR,155.31500244140625,163.1999969482422,151.77000427246094,158.74000549316406,102099200.0
2025-08-25,PLTR,156.10000610351562,158.58999633789062,149.3699951171875,157.1699981689453,86879800.0
2025-08-26,PLTR,155.38999938964844,162.1300048828125,154.57000732421875,160.8699951171875,86573700.0
2025-08-27,PLTR,162.32000732421875,162.39999389648438,155.97999572753906,156.72000122070312,76380600.0
2025-08-28,PLTR,157.6300048828125,158.22999572753906,152.5500030517578,158.1199951171875,57885200.0
2025-08-29,PLTR,156.97999572753906,158.4199981689453,153.0,156.7100067138672,45270500.0
2025-09-02,PLTR,151.1999969482422,158.38999938964844,150.27999877929688,157.08999633789062,65435000.0
2025-09-03,PLTR,158.0,161.14999389648438,152.7100067138672,154.89999389648438,66052300.0
2025-09-04,PLTR,154.86500549316406,157.0399932861328,153.16000366210938,156.13999938964844,53292300.0
2025-09-05,PLTR,157.82000732421875,158.97000122070312,148.0399932861328,153.11000061035156,81855900.0
2025-09-08,PLTR,154.91000366210938,158.3000030517578,154.83999633789062,156.10000610351562,47643000.0
2025-09-09,PLTR,157.25,162.75,156.3699951171875,162.36000061035156,61359500.0
2025-09-10,PLTR,166.0,169.0,163.44000244140625,166.74000549316406,62211400.0
2025-09-11,PLTR,167.24000549316406,167.45799255371094,163.22000122070312,164.36000061035156,42025500.0
2025-09-12,PLTR,165.35000610351562,171.52999877929688,164.00999450683594,171.42999267578125,54498500.0
2025-09-15,PLTR,169.60000610351562,171.8000030517578,167.41000366210938,171.2100067138672,45396100.0
2025-09-16,PLTR,171.0399932861328,171.30999755859375,168.9600067138672,170.25999450683594,34598700.0
2025-09-17,PLTR,169.02000427246094,169.67999267578125,161.27000427246094,168.3300018310547,69255500.0
2025-09-18,PLTR,170.27000427246094,178.8000030517578,169.38999938964844,176.97000122070312,70768600.0
2025-09-19,PLTR,177.07000732421875,184.4199981689453,176.7100067138672,182.38999938964844,109129900.0
2025-09-22,PLTR,180.8800048828125,182.25,178.2899932861328,179.3300018310547,45916700.0
2025-09-23,PLTR,182.50999450683594,185.75,177.00999450683594,182.5500030517578,62354800.0
2025-09-24,PLTR,183.91000366210938,184.85000610351562,177.1199951171875,179.55999755859375,45379700.0
2025-09-25,PLTR,175.8000030517578,184.32000732421875,174.2899932861328,179.1199951171875,72321200.0
2025-09-26,PLTR,179.0500030517578,180.1199951171875,174.91000366210938,177.57000732421875,44275800.0
2025-09-29,PLTR,179.63999938964844,181.47999572753906,177.16000366210938,178.86000061035156,38413800.0
2025-09-30,PLTR,178.97999572753906,182.77000427246094,178.22000122070312,182.4199981689453,43561700.0
2025-10-01,PLTR,181.32000732421875,186.27999877929688,179.5,184.9499969482422,45717300.0
2025-10-02,PLTR,186.6999969482422,188.1999969482422,182.9499969482422,187.0500030517578,39849200.0
2025-10-03,PLTR,186.39999389648438,186.83999633789062,170.77000427246094,173.07000732421875,105533400.0
2025-10-06,PLTR,179.17999267578125,182.9499969482422,177.8300018310547,179.52999877929688,52504200.0
2025-10-07,PLTR,180.30999755859375,186.17999267578125,179.4199981689453,182.1699981689453,58179300.0
2025-10-08,PLTR,182.8000030517578,184.25999450683594,181.1999969482422,183.55999755859375,36299700.0
2025-10-09,PLTR,183.5800018310547,187.6199951171875,179.9499969482422,185.47000122070312,45050300.0
2025-10-10,PLTR,185.1699981689453,187.10000610351562,173.52999877929688,175.44000244140625,55194000.0
2025-10-13,PLTR,178.67999267578125,179.22000122070312,173.4499969482422,177.2100067138672,41332400.0
2025-10-14,PLTR,176.0,182.33999633789062,170.82000732421875,179.74000549316406,49261400.0
2025-10-15,PLTR,181.65499877929688,184.35000610351562,176.02000427246094,179.6199951171875,37372100.0
2025-10-16,PLTR,181.77999877929688,184.82000732421875,176.4499969482422,178.1199951171875,42870900.0
2025-10-17,PLTR,177.75,181.58999633789062,173.9499969482422,178.14999389648438,43421500.0
2025-10-20,PLTR,179.49000549316406,183.08999633789062,177.44000244140625,181.58999633789062,31975800.0
2025-10-21,PLTR,182.05999755859375,182.38900756835938,178.64999389648438,181.50999450683594,27528100.0
2025-10-22,PLTR,181.92999267578125,182.2100067138672,169.4199981689453,175.49000549316406,58263100.0
2025-10-23,PLTR,175.44500732421875,181.55999755859375,175.00999450683594,180.47999572753906,35812300.0
2025-10-24,PLTR,182.8800048828125,186.1699981689453,182.85000610351562,184.6300048828125,34732900.0
